TaxaID	superkingdom	phylum	class	order	family	genus	Prevalence	FistQuantile	Median	Mean	ThirdQuantile	Max
Dysosmobacter	Bacteria	Bacillota	Clostridia	Eubacteriales	Oscillospiraceae	Dysosmobacter	0.15	0	0	0.000937978305720202	0	0.022146951537259
Anaerococcus	Bacteria	Bacillota	Tissierellia	Tissierellales	Peptoniphilaceae	Anaerococcus	0.277272727272727	0	0	0.00808284571411313	0.000609906373464436	0.16486369536997
Lachnospiraceae_unclassified	Bacteria	Bacillota	Clostridia	Eubacteriales	Lachnospiraceae	Lachnospiraceae_unclassified	0.227272727272727	0	0	0.00365912507258753	0	0.119731800766284
Campylobacter	Bacteria	Campylobacterota	Epsilonproteobacteria	Campylobacterales	Campylobacteraceae	Campylobacter	0.290909090909091	0	0	0.00637496338217558	0.00217062901687111	0.223039475076728
Mesorhizobium	Bacteria	Pseudomonadota	Alphaproteobacteria	Hyphomicrobiales	Phyllobacteriaceae	Mesorhizobium	0.418181818181818	0	0	0.0140012201222803	0.00459493556516786	0.353846153846154
Pseudomonas	Bacteria	Pseudomonadota	Gammaproteobacteria	Pseudomonadales	Pseudomonadaceae	Pseudomonas	0.386363636363636	0	0	0.00526259960063804	0.00134076533194647	0.473463687150838
Faecalibacterium	Bacteria	Bacillota	Clostridia	Eubacteriales	Oscillospiraceae	Faecalibacterium	0.145454545454545	0	0	0.00422334987664699	0	0.0827384815055159
Finegoldia	Bacteria	Bacillota	Tissierellia	Tissierellales	Peptoniphilaceae	Finegoldia	0.268181818181818	0	0	0.0124221719643152	0.000119383679997022	0.338923028851161
Peptostreptococcaceae_unclassified	Bacteria	Bacillota	Clostridia	Eubacteriales	Peptostreptococcaceae	Peptostreptococcaceae_unclassified	0.140909090909091	0	0	0.00449335351921519	0	0.189884053100319
Peptoniphilus	Bacteria	Bacillota	Tissierellia	Tissierellales	Peptoniphilaceae	Peptoniphilus	0.222727272727273	0	0	0.0098872379784035	0	0.2340960190451
Anaerobutyricum	Bacteria	Bacillota	Clostridia	Eubacteriales	Lachnospiraceae	Anaerobutyricum	0.168181818181818	0	0	0.00188096983232218	0	0.0448300795372379
Blautia	Bacteria	Bacillota	Clostridia	Eubacteriales	Lachnospiraceae	Blautia	0.240909090909091	0	0	0.00737243220805469	0	0.249869723814487
Clostridium	Bacteria	Bacillota	Clostridia	Eubacteriales	Clostridiaceae	Clostridium	0.227272727272727	0	0	0.00115942554854612	0	0.0647018970189702
Anaerostipes	Bacteria	Bacillota	Clostridia	Eubacteriales	Lachnospiraceae	Anaerostipes	0.245454545454545	0	0	0.00128848261364602	0	0.0497691351447345
Dialister	Bacteria	Bacillota	Negativicutes	Veillonellales	Veillonellaceae	Dialister	0.236363636363636	0	0	0.00299809780903635	0	0.077634011090573
Mediterraneibacter	Bacteria	Bacillota	Clostridia	Eubacteriales	Lachnospiraceae	Mediterraneibacter	0.209090909090909	0	0	0.000923521792806428	0	0.0216262158844083
Ruminococcus	Bacteria	Bacillota	Clostridia	Eubacteriales	Oscillospiraceae	Ruminococcus	0.159090909090909	0	0	0.00249207302454805	0	0.107347576862949
Escherichia	Bacteria	Pseudomonadota	Gammaproteobacteria	Enterobacterales	Enterobacteriaceae	Escherichia	0.518181818181818	0	0.000237150974061157	0.032894381266493	0.0110162888356681	0.775908739365816
Lachnospira	Bacteria	Bacillota	Clostridia	Eubacteriales	Lachnospiraceae	Lachnospira	0.136363636363636	0	0	0.000616172526400517	0	0.0191505992704534
Caproiciproducens	Bacteria	Bacillota	Clostridia	Eubacteriales	Oscillospiraceae	Caproiciproducens	0.127272727272727	0	0	0.000206430585969587	0	0.00648929266709929
Shigella	Bacteria	Pseudomonadota	Gammaproteobacteria	Enterobacterales	Enterobacteriaceae	Shigella	0.322727272727273	0	0	0.00277518224028239	0.000734434544394266	0.0502706883217324
Alistipes	Bacteria	Bacteroidota	Bacteroidia	Bacteroidales	Rikenellaceae	Alistipes	0.0681818181818182	0	0	9.87157570075684e-05	0	0.00648929266709929
Mogibacterium	Bacteria	Bacillota	Clostridia	Eubacteriales	Eubacteriales Family XIII. Incertae Sedis	Mogibacterium	0.322727272727273	0	0	0.00699395205046345	0.00379803452786807	0.105928940710593
Streptococcus	Bacteria	Bacillota	Bacilli	Lactobacillales	Streptococcaceae	Streptococcus	0.781818181818182	0.000878889752339764	0.0658241239832204	0.136665863028022	0.220557865627573	0.914939396112745
Massilistercora	Bacteria	Bacillota	Clostridia	Eubacteriales	Eubacteriales_unclassified	Massilistercora	0.140909090909091	0	0	0.000270673585299781	0	0.00717725942015299
Romboutsia	Bacteria	Bacillota	Clostridia	Eubacteriales	Peptostreptococcaceae	Romboutsia	0.209090909090909	0	0	0.00027052336814245	0	0.00636285468615649
Pseudobutyrivibrio	Bacteria	Bacillota	Clostridia	Eubacteriales	Lachnospiraceae	Pseudobutyrivibrio	0.131818181818182	0	0	0.000180378693239279	0	0.00718390804597701
Lactobacillus	Bacteria	Bacillota	Bacilli	Lactobacillales	Lactobacillaceae	Lactobacillus	0.286363636363636	0	0	0.00486138992491829	0.000484335861188162	0.216653556579391
Stenotrophomonas	Bacteria	Pseudomonadota	Gammaproteobacteria	Xanthomonadales	Xanthomonadaceae	Stenotrophomonas	0.268181818181818	0	0	0.00998150078731766	0.000232301835849967	0.391981315687038
Oscillospiraceae_unclassified	Bacteria	Bacillota	Clostridia	Eubacteriales	Oscillospiraceae	Oscillospiraceae_unclassified	0.118181818181818	0	0	0.000116310690510552	0	0.00247524752475248
Pseudoclostridium	Bacteria	Bacillota	Clostridia	Eubacteriales	Oscillospiraceae	Pseudoclostridium	0.0681818181818182	0	0	4.71198761341929e-05	0	0.00350549193736854
Ruminiclostridium	Bacteria	Bacillota	Clostridia	Eubacteriales	Oscillospiraceae	Ruminiclostridium	0.0818181818181818	0	0	2.36562457626308e-05	0	0.00140219677494742
Roseburia	Bacteria	Bacillota	Clostridia	Eubacteriales	Lachnospiraceae	Roseburia	0.240909090909091	0	0	0.00144403051689435	0	0.0339975446217773
Lachnoclostridium	Bacteria	Bacillota	Clostridia	Eubacteriales	Lachnospiraceae	Lachnoclostridium	0.236363636363636	0	0	0.00116558155935303	0	0.0339637719765583
Acinetobacter	Bacteria	Pseudomonadota	Gammaproteobacteria	Moraxellales	Moraxellaceae	Acinetobacter	0.422727272727273	0	0	0.00763368120150148	0.00180825613356408	0.585524532393603
Ruthenibacterium	Bacteria	Bacillota	Clostridia	Eubacteriales	Oscillospiraceae	Ruthenibacterium	0.140909090909091	0	0	0.000977242747382152	0	0.0307816602706524
Staphylococcus	Bacteria	Bacillota	Bacilli	Bacillales	Staphylococcaceae	Staphylococcus	0.727272727272727	0	0.00541608957929756	0.0318158746444404	0.0255444553697792	0.530050687907314
Akkermansia	Bacteria	Verrucomicrobiota	Verrucomicrobiae	Verrucomicrobiales	Akkermansiaceae	Akkermansia	0.05	0	0	0.00035296976785455	0	0.063595068137573
Oscillibacter	Bacteria	Bacillota	Clostridia	Eubacteriales	Oscillospiraceae	Oscillibacter	0.145454545454545	0	0	0.000460485289842845	0	0.0231891610213653
Lacrimispora	Bacteria	Bacillota	Clostridia	Eubacteriales	Lachnospiraceae	Lacrimispora	0.204545454545455	0	0	0.000362164766179286	0	0.00822273514137334
Bacteroides	Bacteria	Bacteroidota	Bacteroidia	Bacteroidales	Bacteroidaceae	Bacteroides	0.15	0	0	0.000360920373823165	0	0.016629711751663
Phocaeicola	Bacteria	Bacteroidota	Bacteroidia	Bacteroidales	Bacteroidaceae	Phocaeicola	0.15	0	0	0.000437466169988961	0	0.0123239436619718
Megasphaera	Bacteria	Bacillota	Negativicutes	Veillonellales	Veillonellaceae	Megasphaera	0.227272727272727	0	0	0.00158422427904292	0	0.0413249848515451
Salmonella	Bacteria	Pseudomonadota	Gammaproteobacteria	Enterobacterales	Enterobacteriaceae	Salmonella	0.359090909090909	0	0	0.00284024724043252	0.00094251506192193	0.0982318271119843
Enterobacter	Bacteria	Pseudomonadota	Gammaproteobacteria	Enterobacterales	Enterobacteriaceae	Enterobacter	0.354545454545455	0	0	0.00192589765613779	0.000743981339774769	0.0613496932515337
Enterococcus	Bacteria	Bacillota	Bacilli	Lactobacillales	Enterococcaceae	Enterococcus	0.459090909090909	0	0	0.00214818938057918	0.00102424563077836	0.0609037328094303
Christensenella	Bacteria	Bacillota	Clostridia	Eubacteriales	Christensenellaceae	Christensenella	0.0545454545454545	0	0	4.70121032290051e-05	0	0.00297956867196368
Hungatella	Bacteria	Bacillota	Clostridia	Eubacteriales	Clostridiaceae	Hungatella	0.163636363636364	0	0	0.000208527948227261	0	0.00612298071912454
Enterocloster	Bacteria	Bacillota	Clostridia	Eubacteriales	Lachnospiraceae	Enterocloster	0.172727272727273	0	0	0.000370038881841578	0	0.0200790994828111
Eubacteriales_unclassified	Bacteria	Bacillota	Clostridia	Eubacteriales	Eubacteriales_unclassified	Eubacteriales_unclassified	0.0818181818181818	0	0	0.000106134841429482	0	0.00558289174867525
Corynebacterium	Bacteria	Actinomycetota	Actinomycetes	Mycobacteriales	Corynebacteriaceae	Corynebacterium	0.140909090909091	0	0	0.000312533627736864	0	0.0180229596834228
Veillonella	Bacteria	Bacillota	Negativicutes	Veillonellales	Veillonellaceae	Veillonella	0.486363636363636	0	0	0.0249984781980856	0.0267744770583008	0.418779679240211
Collinsella	Bacteria	Actinomycetota	Coriobacteriia	Coriobacteriales	Coriobacteriaceae	Collinsella	0.0636363636363636	0	0	6.24421248643919e-05	0	0.00477581455421976
Erysipelotrichaceae_unclassified	Bacteria	Bacillota	Erysipelotrichia	Erysipelotrichales	Erysipelotrichaceae	Erysipelotrichaceae_unclassified	0.0590909090909091	0	0	4.62795940334505e-05	0	0.00288243771875643
Ligilactobacillus	Bacteria	Bacillota	Bacilli	Lactobacillales	Lactobacillaceae	Ligilactobacillus	0.0590909090909091	0	0	0.000330241190990933	0	0.0243265993265993
Brucella	Bacteria	Pseudomonadota	Alphaproteobacteria	Hyphomicrobiales	Brucellaceae	Brucella	0.15	0	0	0.000242964327453056	0	0.0102564102564103
Agrobacterium	Bacteria	Pseudomonadota	Alphaproteobacteria	Hyphomicrobiales	Rhizobiaceae	Agrobacterium	0.0863636363636364	0	0	0.000146680321984884	0	0.0102564102564103
Ralstonia	Bacteria	Pseudomonadota	Betaproteobacteria	Burkholderiales	Burkholderiaceae	Ralstonia	0.35	0	0	0.0072114503486235	0.000827308831317828	0.239194602572212
Peptacetobacter	Bacteria	Bacillota	Clostridia	Eubacteriales	Peptostreptococcaceae	Peptacetobacter	0.236363636363636	0	0	0.00123656773246084	0	0.0334507042253521
Gemella	Bacteria	Bacillota	Bacilli	Bacillales	Bacillales_unclassified	Gemella	0.445454545454545	0	0	0.0128605436910544	0.0170617079160817	0.175390698550179
Flintibacter	Bacteria	Bacillota	Clostridia	Eubacteriales	Eubacteriales_unclassified	Flintibacter	0.136363636363636	0	0	0.000353483386442111	0	0.0191434133679429
Anaerotignum	Bacteria	Bacillota	Clostridia	Eubacteriales	Lachnospiraceae	Anaerotignum	0.0545454545454545	0	0	8.82435153835197e-05	0	0.00597383870635493
Bacillus	Bacteria	Bacillota	Bacilli	Bacillales	Bacillaceae	Bacillus	0.263636363636364	0	0	0.00167749380121951	9.0362392901597e-05	0.165029469548134
Anaerocolumna	Bacteria	Bacillota	Clostridia	Eubacteriales	Lachnospiraceae	Anaerocolumna	0.186363636363636	0	0	0.00016515506366415	0	0.00299635226680563
Acetivibrio	Bacteria	Bacillota	Clostridia	Eubacteriales	Oscillospiraceae	Acetivibrio	0.127272727272727	0	0	0.000107676447849934	0	0.00464552615633205
Intestinimonas	Bacteria	Bacillota	Clostridia	Eubacteriales	Eubacteriales_unclassified	Intestinimonas	0.118181818181818	0	0	0.00047658451161706	0	0.0762491888384166
Fusobacterium	Bacteria	Fusobacteriota	Fusobacteriia	Fusobacteriales	Fusobacteriaceae	Fusobacterium	0.313636363636364	0	0	0.00455048093202215	0.000856194860183107	0.0691741188847975
Mammaliicoccus	Bacteria	Bacillota	Bacilli	Bacillales	Staphylococcaceae	Mammaliicoccus	0.0681818181818182	0	0	0.000933333443534971	0	0.179767103347889
Murdochiella	Bacteria	Bacillota	Tissierellia	Tissierellales	Peptoniphilaceae	Murdochiella	0.109090909090909	0	0	0.00195957231391013	0	0.0812436748004048
Flavonifractor	Bacteria	Bacillota	Clostridia	Eubacteriales	Oscillospiraceae	Flavonifractor	0.131818181818182	0	0	0.000446623912558254	0	0.0317975340687865
Tannerella	Bacteria	Bacteroidota	Bacteroidia	Bacteroidales	Tannerellaceae	Tannerella	0.163636363636364	0	0	0.000269320782500096	0	0.0150915987410217
Weizmannia	Bacteria	Bacillota	Bacilli	Bacillales	Bacillaceae	Weizmannia	0.0590909090909091	0	0	0.000128735087780497	0	0.00900900900900901
Lachnoanaerobaculum	Bacteria	Bacillota	Clostridia	Eubacteriales	Lachnospiraceae	Lachnoanaerobaculum	0.204545454545455	0	0	0.000848114231957418	0	0.0577355229040622
Marinilactibacillus	Bacteria	Bacillota	Bacilli	Lactobacillales	Carnobacteriaceae	Marinilactibacillus	0.0772727272727273	0	0	3.87967580955746e-05	0	0.00388026607538803
Paraprevotella	Bacteria	Bacteroidota	Bacteroidia	Bacteroidales	Prevotellaceae	Paraprevotella	0.0454545454545455	0	0	1.77034722649385e-05	0	0.0017283950617284
Herbinix	Bacteria	Bacillota	Clostridia	Eubacteriales	Lachnospiraceae	Herbinix	0.186363636363636	0	0	8.4618611699775e-05	0	0.00169359041167275
Porphyromonas	Bacteria	Bacteroidota	Bacteroidia	Bacteroidales	Porphyromonadaceae	Porphyromonas	0.259090909090909	0	0	0.00150603094387013	7.5467567944111e-05	0.0466724286949006
Butyricimonas	Bacteria	Bacteroidota	Bacteroidia	Bacteroidales	Odoribacteraceae	Butyricimonas	0.0272727272727273	0	0	8.37092898999056e-06	0	0.000740740740740741
Prevotella	Bacteria	Bacteroidota	Bacteroidia	Bacteroidales	Prevotellaceae	Prevotella	0.272727272727273	0	0	0.0091605986058672	0.000441336289135552	0.330623306233062
Yokenella	Bacteria	Pseudomonadota	Gammaproteobacteria	Enterobacterales	Enterobacteriaceae	Yokenella	0.109090909090909	0	0	5.85529591813292e-05	0	0.00173010380622837
Janthinobacterium	Bacteria	Pseudomonadota	Betaproteobacteria	Burkholderiales	Oxalobacteraceae	Janthinobacterium	0.359090909090909	0	0	0.00160557073305925	0.00100796630508394	0.0392644135188867
Haemophilus	Bacteria	Pseudomonadota	Gammaproteobacteria	Pasteurellales	Pasteurellaceae	Haemophilus	0.418181818181818	0	0	0.0178615236178235	0.00981556812606117	0.383449444549049
Mannheimia	Bacteria	Pseudomonadota	Gammaproteobacteria	Pasteurellales	Pasteurellaceae	Mannheimia	0.159090909090909	0	0	7.25731349004571e-05	0	0.00162613644763101
Paeniclostridium	Bacteria	Bacillota	Clostridia	Eubacteriales	Peptostreptococcaceae	Paeniclostridium	0.2	0	0	0.000216258147504979	0	0.00534941953107216
Rhizobacter	Bacteria	Pseudomonadota	Betaproteobacteria	Burkholderiales	Burkholderiales_unclassified	Rhizobacter	0.277272727272727	0	0	0.000877282647789464	0.00017028134338409	0.0313725490196078
Dolosigranulum	Bacteria	Bacillota	Bacilli	Lactobacillales	Carnobacteriaceae	Dolosigranulum	0.0318181818181818	0	0	1.48908752854459e-05	0	0.0016629711751663
Lactiplantibacillus	Bacteria	Bacillota	Bacilli	Lactobacillales	Lactobacillaceae	Lactiplantibacillus	0.0454545454545455	0	0	2.22046232724464e-05	0	0.00299145299145299
Citrobacter	Bacteria	Pseudomonadota	Gammaproteobacteria	Enterobacterales	Enterobacteriaceae	Citrobacter	0.259090909090909	0	0	0.000438620315607888	4.14011115451815e-05	0.0153846153846154
Sphingomonas	Bacteria	Pseudomonadota	Alphaproteobacteria	Sphingomonadales	Sphingomonadaceae	Sphingomonas	0.95	0.0153087241799304	0.134771888277083	0.25665443578804	0.474823891713738	0.963554492366144
Ethanoligenens	Bacteria	Bacillota	Clostridia	Eubacteriales	Oscillospiraceae	Ethanoligenens	0.109090909090909	0	0	0.000106354792314464	0	0.00997782705099778
Sutterella	Bacteria	Pseudomonadota	Betaproteobacteria	Burkholderiales	Sutterellaceae	Sutterella	0.0590909090909091	0	0	4.14608514084176e-05	0	0.00211662609799979
Clostridioides	Bacteria	Bacillota	Clostridia	Eubacteriales	Peptostreptococcaceae	Clostridioides	0.2	0	0	0.000388315933250501	0	0.0146713615023474
Crassaminicella	Bacteria	Bacillota	Clostridia	Eubacteriales	Clostridiaceae	Crassaminicella	0.136363636363636	0	0	0.000168631368835414	0	0.00544121126094157
Turicibacter	Bacteria	Bacillota	Erysipelotrichia	Erysipelotrichales	Turicibacteraceae	Turicibacter	0.0272727272727273	0	0	9.15721272880918e-06	0	0.000649163300634738
Parabacteroides	Bacteria	Bacteroidota	Bacteroidia	Bacteroidales	Tannerellaceae	Parabacteroides	0.0772727272727273	0	0	0.00122842858279597	0	0.254055807916937
Klebsiella	Bacteria	Pseudomonadota	Gammaproteobacteria	Enterobacterales	Enterobacteriaceae	Klebsiella	0.327272727272727	0	0	0.00156474147994153	0.000495484408871102	0.0311418685121107
Butyrivibrio	Bacteria	Bacillota	Clostridia	Eubacteriales	Lachnospiraceae	Butyrivibrio	0.172727272727273	0	0	0.000134284358578744	0	0.003470715835141
Chelativorans	Bacteria	Pseudomonadota	Alphaproteobacteria	Hyphomicrobiales	Phyllobacteriaceae	Chelativorans	0.0318181818181818	0	0	1.36566495186013e-05	0	0.000922479880395712
Parvimonas	Bacteria	Bacillota	Tissierellia	Tissierellales	Peptoniphilaceae	Parvimonas	0.281818181818182	0	0	0.00975907502906877	0.000173722803878435	0.274634815591962
Abiotrophia	Bacteria	Bacillota	Bacilli	Lactobacillales	Aerococcaceae	Abiotrophia	0.309090909090909	0	0	0.00325483702274844	0.000298793146826313	0.118735255681336
Alkaliphilus	Bacteria	Bacillota	Clostridia	Eubacteriales	Clostridiaceae	Alkaliphilus	0.127272727272727	0	0	7.45363501151776e-05	0	0.00319440219044722
Mixta	Bacteria	Pseudomonadota	Gammaproteobacteria	Enterobacterales	Erwiniaceae	Mixta	0.1	0	0	7.49837075462859e-05	0	0.00424865831842576
Oxalobacter	Bacteria	Pseudomonadota	Betaproteobacteria	Burkholderiales	Oxalobacteraceae	Oxalobacter	0.0454545454545455	0	0	2.63253664425639e-05	0	0.00287799362729983
Aerococcus	Bacteria	Bacillota	Bacilli	Lactobacillales	Aerococcaceae	Aerococcus	0.345454545454545	0	0	0.000997065671843554	0.000538154719223368	0.0227637816871057
Jeotgalibaca	Bacteria	Bacillota	Bacilli	Lactobacillales	Carnobacteriaceae	Jeotgalibaca	0.227272727272727	0	0	0.00018074299908514	0	0.00385812072184194
Acidaminococcus	Bacteria	Bacillota	Negativicutes	Acidaminococcales	Acidaminococcaceae	Acidaminococcus	0.0954545454545455	0	0	9.07093741865761e-05	0	0.00601772252347573
Sodalis	Bacteria	Pseudomonadota	Gammaproteobacteria	Enterobacterales	Bruguierivoracaceae	Sodalis	0.0909090909090909	0	0	2.39856004906132e-05	0	0.000757575757575758
Sporosarcina	Bacteria	Bacillota	Bacilli	Bacillales	Planococcaceae	Sporosarcina	0.0454545454545455	0	0	8.61125165339964e-05	0	0.0143562135486765
Enterobacteriaceae_unclassified	Bacteria	Pseudomonadota	Gammaproteobacteria	Enterobacterales	Enterobacteriaceae	Enterobacteriaceae_unclassified	0.1	0	0	0.000354902157676806	0	0.0155038759689922
Vibrio	Bacteria	Pseudomonadota	Gammaproteobacteria	Vibrionales	Vibrionaceae	Vibrio	0.0954545454545455	0	0	4.90447296860987e-05	0	0.00223089793641941
Psychrobacillus	Bacteria	Bacillota	Bacilli	Bacillales	Bacillaceae	Psychrobacillus	0.0227272727272727	0	0	4.98549193886495e-05	0	0.009657594381036
Pantoea	Bacteria	Pseudomonadota	Gammaproteobacteria	Enterobacterales	Erwiniaceae	Pantoea	0.195454545454545	0	0	0.00111560081109263	0	0.153175313059034
Priestia	Bacteria	Bacillota	Bacilli	Bacillales	Bacillaceae	Priestia	0.0909090909090909	0	0	0.000132501740212272	0	0.00864197530864197
Abyssicoccus	Bacteria	Bacillota	Bacilli	Bacillales	Staphylococcaceae	Abyssicoccus	0.0181818181818182	0	0	2.3154272650372e-05	0	0.00284321689683184
Amedibacterium	Bacteria	Bacillota	Erysipelotrichia	Erysipelotrichales	Erysipelotrichaceae	Amedibacterium	0.0318181818181818	0	0	9.6821446662635e-06	0	0.000586854460093897
Boudabousia	Bacteria	Actinomycetota	Actinomycetes	Actinomycetales	Actinomycetaceae	Boudabousia	0.0409090909090909	0	0	1.80059453923755e-05	0	0.00135869565217391
Curtobacterium	Bacteria	Actinomycetota	Actinomycetes	Micrococcales	Microbacteriaceae	Curtobacterium	0.00909090909090909	0	0	0.000657810650385655	0	0.13984425697599
Methylobacterium	Bacteria	Pseudomonadota	Alphaproteobacteria	Hyphomicrobiales	Methylobacteriaceae	Methylobacterium	0.381818181818182	0	0	0.00600052849615932	0.00103465474934157	0.661198288159772
Edwardsiella	Bacteria	Pseudomonadota	Gammaproteobacteria	Enterobacterales	Hafniaceae	Edwardsiella	0.15	0	0	7.79679177698584e-05	0	0.00223089793641941
Proteus	Bacteria	Pseudomonadota	Gammaproteobacteria	Enterobacterales	Morganellaceae	Proteus	0.122727272727273	0	0	0.000119504576367616	0	0.00665188470066519
Moraxella	Bacteria	Pseudomonadota	Gammaproteobacteria	Moraxellales	Moraxellaceae	Moraxella	0.486363636363636	0	0	0.0364278580594269	0.00991875560802402	0.539098382236784
Arsenophonus	Bacteria	Pseudomonadota	Gammaproteobacteria	Enterobacterales	Morganellaceae	Arsenophonus	0.0272727272727273	0	0	1.44860002853237e-05	0	0.00219385719984045
Actinobacillus	Bacteria	Pseudomonadota	Gammaproteobacteria	Pasteurellales	Pasteurellaceae	Actinobacillus	0.186363636363636	0	0	0.000146039726305113	0	0.00721429742580751
Cronobacter	Bacteria	Pseudomonadota	Gammaproteobacteria	Enterobacterales	Enterobacteriaceae	Cronobacter	0.0954545454545455	0	0	0.000100367329851025	0	0.00757575757575758
Yersinia	Bacteria	Pseudomonadota	Gammaproteobacteria	Enterobacterales	Yersiniaceae	Yersinia	0.109090909090909	0	0	0.000145335611843743	0	0.0125698324022346
Pseudoduganella	Bacteria	Pseudomonadota	Betaproteobacteria	Burkholderiales	Oxalobacteraceae	Pseudoduganella	0.227272727272727	0	0	0.00260962917402239	0	0.0469591993841416
Succinivibrio	Bacteria	Pseudomonadota	Gammaproteobacteria	Aeromonadales	Succinivibrionaceae	Succinivibrio	0.00909090909090909	0	0	7.69923515797126e-06	0	0.000860585197934596
Limosilactobacillus	Bacteria	Bacillota	Bacilli	Lactobacillales	Lactobacillaceae	Limosilactobacillus	0.127272727272727	0	0	0.00211354207171055	0	0.146019783325483
Cutibacterium	Bacteria	Actinomycetota	Actinomycetes	Propionibacteriales	Propionibacteriaceae	Cutibacterium	0.686363636363636	0	0.00110797314173377	0.021468138918632	0.011503927477522	0.469465113014179
Lacticaseibacillus	Bacteria	Bacillota	Bacilli	Lactobacillales	Lactobacillaceae	Lacticaseibacillus	0.0863636363636364	0	0	0.000368339704446811	0	0.0455693296602388
Pasteurella	Bacteria	Pseudomonadota	Gammaproteobacteria	Pasteurellales	Pasteurellaceae	Pasteurella	0.227272727272727	0	0	0.000347835480082888	0	0.0272175766519101
Carnobacterium	Bacteria	Bacillota	Bacilli	Lactobacillales	Carnobacteriaceae	Carnobacterium	0.327272727272727	0	0	0.00112529059167271	0.000537690803943658	0.0405027932960894
Serratia	Bacteria	Pseudomonadota	Gammaproteobacteria	Enterobacterales	Yersiniaceae	Serratia	0.259090909090909	0	0	0.000664630842340994	4.58288766424156e-05	0.0239300021083702
Pedobacter	Bacteria	Bacteroidota	Sphingobacteriia	Sphingobacteriales	Sphingobacteriaceae	Pedobacter	0.0545454545454545	0	0	0.000874381431342029	0	0.0795847750865052
Leclercia	Bacteria	Pseudomonadota	Gammaproteobacteria	Enterobacterales	Enterobacteriaceae	Leclercia	0.145454545454545	0	0	9.14308317042508e-05	0	0.00313059033989267
Mobiluncus	Bacteria	Actinomycetota	Actinomycetes	Actinomycetales	Actinomycetaceae	Mobiluncus	0.0227272727272727	0	0	5.34631763581181e-06	0	0.000363562916582509
Acidovorax	Bacteria	Pseudomonadota	Betaproteobacteria	Burkholderiales	Comamonadaceae	Acidovorax	0.195454545454545	0	0	0.00126307111773827	0	0.10958904109589
Phyllobacterium	Bacteria	Pseudomonadota	Alphaproteobacteria	Hyphomicrobiales	Phyllobacteriaceae	Phyllobacterium	0.0318181818181818	0	0	1.17985818564941e-05	0	0.0011596036263968
Rhizobium	Bacteria	Pseudomonadota	Alphaproteobacteria	Hyphomicrobiales	Rhizobiaceae	Rhizobium	0.227272727272727	0	0	0.00154152737925932	0	0.0786802030456853
Maliibacterium	Bacteria	Bacillota	Clostridia	Eubacteriales	Maliibacteriaceae	Maliibacterium	0.0409090909090909	0	0	1.06878302130493e-05	0	0.000651380927566441
Raoultella	Bacteria	Pseudomonadota	Gammaproteobacteria	Enterobacterales	Enterobacteriaceae	Raoultella	0.0772727272727273	0	0	2.37518873374903e-05	0	0.00063384745404606
Thermomonas	Bacteria	Pseudomonadota	Gammaproteobacteria	Xanthomonadales	Xanthomonadaceae	Thermomonas	0.0181818181818182	0	0	7.26089842748439e-05	0	0.0114876507754164
Methylorubrum	Bacteria	Pseudomonadota	Alphaproteobacteria	Hyphomicrobiales	Methylobacteriaceae	Methylorubrum	0.286363636363636	0	0	0.00312183115676239	0.000252669927100328	0.0847741215839375
Selenomonas	Bacteria	Bacillota	Negativicutes	Selenomonadales	Selenomonadaceae	Selenomonas	0.195454545454545	0	0	0.000975102620394995	0	0.026602176541717
Atlantibacter	Bacteria	Pseudomonadota	Gammaproteobacteria	Enterobacterales	Enterobacteriaceae	Atlantibacter	0.05	0	0	1.56391058397055e-05	0	0.000908059023836549
Petrocella	Bacteria	Bacillota	Clostridia	Eubacteriales	Vallitaleaceae	Petrocella	0.0363636363636364	0	0	5.59213950188288e-06	0	0.000361532899493854
Kluyvera	Bacteria	Pseudomonadota	Gammaproteobacteria	Enterobacterales	Enterobacteriaceae	Kluyvera	0.0318181818181818	0	0	8.35470064176204e-06	0	0.000670840787119857
Barnesiella	Bacteria	Bacteroidota	Bacteroidia	Bacteroidales	Barnesiellaceae	Barnesiella	0.0181818181818182	0	0	3.4139226414675e-06	0	0.000377750495797526
Desulfoscipio	Bacteria	Bacillota	Clostridia	Eubacteriales	Desulfallaceae	Desulfoscipio	0.0227272727272727	0	0	4.94931961150629e-06	0	0.000618463960418306
Stutzerimonas	Bacteria	Pseudomonadota	Gammaproteobacteria	Pseudomonadales	Pseudomonadaceae	Stutzerimonas	0.0409090909090909	0	0	0.000150112567952691	0	0.0132478632478632
Aeromonas	Bacteria	Pseudomonadota	Gammaproteobacteria	Aeromonadales	Aeromonadaceae	Aeromonas	0.0409090909090909	0	0	0.000137469826723923	0	0.0213848989263669
Vagococcus	Bacteria	Bacillota	Bacilli	Lactobacillales	Enterococcaceae	Vagococcus	0.327272727272727	0	0	0.00147833884258056	0.000571296044854521	0.0322062453473338
Cardiobacterium	Bacteria	Pseudomonadota	Gammaproteobacteria	Cardiobacteriales	Cardiobacteriaceae	Cardiobacterium	0.0545454545454545	0	0	6.66027818485143e-05	0	0.00533711378893383
Filifactor	Bacteria	Bacillota	Clostridia	Eubacteriales	Peptostreptococcaceae	Filifactor	0.131818181818182	0	0	0.00309953772548359	0	0.112345679012346
Lancefieldella	Bacteria	Actinomycetota	Coriobacteriia	Coriobacteriales	Atopobiaceae	Lancefieldella	0.104545454545455	0	0	0.000739759719112284	0	0.032009679903201
Hydrogenophaga	Bacteria	Pseudomonadota	Betaproteobacteria	Burkholderiales	Comamonadaceae	Hydrogenophaga	0.118181818181818	0	0	0.000292558567749677	0	0.012720156555773
Acidilutibacter	Bacteria	Bacillota	Tissierellia	Tissierellales	Acidilutibacteraceae	Acidilutibacter	0.0227272727272727	0	0	1.37673955512373e-05	0	0.00175592625109745
Phascolarctobacterium	Bacteria	Bacillota	Negativicutes	Acidaminococcales	Acidaminococcaceae	Phascolarctobacterium	0.122727272727273	0	0	0.000266958860621945	0	0.0117102653697233
Lactococcus	Bacteria	Bacillota	Bacilli	Lactobacillales	Streptococcaceae	Lactococcus	0.172727272727273	0	0	0.00810595685983527	0	0.803219266449591
Gudongella	Bacteria	Bacillota	Tissierellia	Tissierellales	Tissierellaceae	Gudongella	0.113636363636364	0	0	9.53493499352266e-05	0	0.0092264017033357
Neisseria	Bacteria	Pseudomonadota	Betaproteobacteria	Neisseriales	Neisseriaceae	Neisseria	0.272727272727273	0	0	0.00435377040473012	0.000269274925626955	0.108627038400842
Azospira	Bacteria	Pseudomonadota	Betaproteobacteria	Rhodocyclales	Rhodocyclaceae	Azospira	0.122727272727273	0	0	0.000938719496776562	0	0.044912559618442
Hoylesella	Bacteria	Bacteroidota	Bacteroidia	Bacteroidales	Prevotellaceae	Hoylesella	0.0727272727272727	0	0	3.66779617801157e-05	0	0.00194931773879142
Thomasclavelia	Bacteria	Bacillota	Erysipelotrichia	Erysipelotrichales	Coprobacillaceae	Thomasclavelia	0.0181818181818182	0	0	7.14818500838746e-06	0	0.00123692792083661
Latilactobacillus	Bacteria	Bacillota	Bacilli	Lactobacillales	Lactobacillaceae	Latilactobacillus	0.1	0	0	0.000268462766325651	0	0.0486791680074891
Olsenella	Bacteria	Actinomycetota	Coriobacteriia	Coriobacteriales	Atopobiaceae	Olsenella	0.0818181818181818	0	0	6.07611110795421e-05	0	0.00297397769516729
Mageeibacillus	Bacteria	Bacillota	Clostridia	Eubacteriales	Oscillospiraceae	Mageeibacillus	0.05	0	0	4.20777327846126e-05	0	0.00234741784037559
Acetoanaerobium	Bacteria	Bacillota	Clostridia	Eubacteriales	Peptostreptococcaceae	Acetoanaerobium	0.05	0	0	1.62374658791962e-05	0	0.00117627289531171
Pectinatus	Bacteria	Bacillota	Negativicutes	Selenomonadales	Selenomonadaceae	Pectinatus	0.0272727272727273	0	0	7.01900848197568e-06	0	0.000877963125548727
Aquabacterium	Bacteria	Pseudomonadota	Betaproteobacteria	Burkholderiales	Burkholderiales_unclassified	Aquabacterium	0.218181818181818	0	0	0.00386197574977487	0	0.133971291866029
Ewingella	Bacteria	Pseudomonadota	Gammaproteobacteria	Enterobacterales	Yersiniaceae	Ewingella	0.0227272727272727	0	0	6.20979853457364e-05	0	0.00977653631284916
Tetragenococcus	Bacteria	Bacillota	Bacilli	Lactobacillales	Enterococcaceae	Tetragenococcus	0.254545454545455	0	0	0.000464365457543701	7.31326714441615e-05	0.0130078752497747
Intestinibaculum	Bacteria	Bacillota	Erysipelotrichia	Erysipelotrichales	Erysipelotrichaceae	Intestinibaculum	0.0272727272727273	0	0	2.48357047976207e-05	0	0.00239463601532567
Thermanaerosceptrum	Bacteria	Bacillota	Clostridia	Eubacteriales	Peptococcaceae	Thermanaerosceptrum	0.0318181818181818	0	0	8.39220158048864e-06	0	0.000899583942426628
Kosakonia	Bacteria	Pseudomonadota	Gammaproteobacteria	Enterobacterales	Enterobacteriaceae	Kosakonia	0.0727272727272727	0	0	3.4143498472669e-05	0	0.00196463654223969
Shewanella	Bacteria	Pseudomonadota	Gammaproteobacteria	Alteromonadales	Shewanellaceae	Shewanella	0.0181818181818182	0	0	3.3403547333163e-05	0	0.00698324022346369
Tatumella	Bacteria	Pseudomonadota	Gammaproteobacteria	Enterobacterales	Erwiniaceae	Tatumella	0.0136363636363636	0	0	4.07537230899539e-06	0	0.000466442083441306
Leptothrix	Bacteria	Pseudomonadota	Betaproteobacteria	Burkholderiales	Sphaerotilaceae	Leptothrix	0.209090909090909	0	0	0.000385531476104577	0	0.0156862745098039
Sphaerotilus	Bacteria	Pseudomonadota	Betaproteobacteria	Burkholderiales	Sphaerotilaceae	Sphaerotilus	0.122727272727273	0	0	0.000977074798393097	0	0.0650717703349282
Massilia	Bacteria	Pseudomonadota	Betaproteobacteria	Burkholderiales	Oxalobacteraceae	Massilia	0.290909090909091	0	0	0.0103669094896771	0.000738375973173659	0.366782006920415
Rubrivivax	Bacteria	Pseudomonadota	Betaproteobacteria	Burkholderiales	Sphaerotilaceae	Rubrivivax	0.140909090909091	0	0	0.000488792406081087	0	0.0143540669856459
Austwickia	Bacteria	Actinomycetota	Actinomycetes	Micrococcales	Dermatophilaceae	Austwickia	0.00454545454545455	0	0	3.97034943045337e-06	0	0.000873476874699742
Schaalia	Bacteria	Actinomycetota	Actinomycetes	Actinomycetales	Actinomycetaceae	Schaalia	0.136363636363636	0	0	0.00511451277278711	0	0.209742048585024
Diaphorobacter	Bacteria	Pseudomonadota	Betaproteobacteria	Burkholderiales	Comamonadaceae	Diaphorobacter	0.127272727272727	0	0	0.000282064149610456	0	0.0317965023847377
Gottschalkia	Bacteria	Bacillota	Tissierellia	Tissierellales	Gottschalkiaceae	Gottschalkia	0.0136363636363636	0	0	8.69744867119794e-05	0	0.0189259522119707
Lawsonella	Bacteria	Actinomycetota	Actinomycetes	Mycobacteriales	Lawsonellaceae	Lawsonella	0.0227272727272727	0	0	2.37284338293403e-05	0	0.00271739130434783
Novosphingobium	Bacteria	Pseudomonadota	Alphaproteobacteria	Sphingomonadales	Sphingomonadaceae	Novosphingobium	0.818181818181818	0.000313263746530746	0.00223857124814793	0.00441421953046837	0.0060793881320644	0.0637254901960784
Capnocytophaga	Bacteria	Bacteroidota	Flavobacteriia	Flavobacteriales	Flavobacteriaceae	Capnocytophaga	0.113636363636364	0	0	0.000736692385073031	0	0.0410328970640255
Periweissella	Bacteria	Bacillota	Bacilli	Lactobacillales	Lactobacillaceae	Periweissella	0.0409090909090909	0	0	1.25255090057333e-05	0	0.00084870911343846
Alkalihalobacillus	Bacteria	Bacillota	Bacilli	Bacillales	Bacillaceae	Alkalihalobacillus	0.0136363636363636	0	0	7.72964286727956e-06	0	0.00107580864950154
Cupriavidus	Bacteria	Pseudomonadota	Betaproteobacteria	Burkholderiales	Burkholderiaceae	Cupriavidus	0.118181818181818	0	0	0.000259861657450743	0	0.0244618395303327
Paucibacter	Bacteria	Pseudomonadota	Betaproteobacteria	Burkholderiales	Burkholderiales_unclassified	Paucibacter	0.163636363636364	0	0	0.000347175416097086	0	0.0204511912291798
Weissella	Bacteria	Bacillota	Bacilli	Lactobacillales	Lactobacillaceae	Weissella	0.122727272727273	0	0	0.000154958286324937	0	0.0196360153256705
Herbaspirillum	Bacteria	Pseudomonadota	Betaproteobacteria	Burkholderiales	Oxalobacteraceae	Herbaspirillum	0.222727272727273	0	0	0.000595009388541642	0	0.0405027932960894
Roseateles	Bacteria	Pseudomonadota	Betaproteobacteria	Burkholderiales	Sphaerotilaceae	Roseateles	0.245454545454545	0	0	0.00318891481504328	0	0.255112797807295
Sphingobium	Bacteria	Pseudomonadota	Alphaproteobacteria	Sphingomonadales	Sphingomonadaceae	Sphingobium	0.468181818181818	0	0	0.00275091339276327	0.00151034838904443	0.075922916182958
Leuconostoc	Bacteria	Bacillota	Bacilli	Lactobacillales	Lactobacillaceae	Leuconostoc	0.0545454545454545	0	0	0.000209019015009709	0	0.0235042735042735
Ottowia	Bacteria	Pseudomonadota	Betaproteobacteria	Burkholderiales	Comamonadaceae	Ottowia	0.0545454545454545	0	0	2.82356759558603e-05	0	0.00195694716242661
Chromobacterium	Bacteria	Pseudomonadota	Betaproteobacteria	Neisseriales	Chromobacteriaceae	Chromobacterium	0.0272727272727273	0	0	7.51229676265663e-06	0	0.00113605987703823
Cloacibacterium	Bacteria	Bacteroidota	Flavobacteriia	Flavobacteriales	Weeksellaceae	Cloacibacterium	0.0954545454545455	0	0	0.000313149901965324	0	0.0389937106918239
Achromobacter	Bacteria	Pseudomonadota	Betaproteobacteria	Burkholderiales	Alcaligenaceae	Achromobacter	0.0227272727272727	0	0	9.38290650918918e-05	0	0.00880626223091976
Companilactobacillus	Bacteria	Bacillota	Bacilli	Lactobacillales	Lactobacillaceae	Companilactobacillus	0.0272727272727273	0	0	3.25281976714325e-06	0	0.000263019463440295
Melissococcus	Bacteria	Bacillota	Bacilli	Lactobacillales	Enterococcaceae	Melissococcus	0.0681818181818182	0	0	1.69111178902397e-05	0	0.000792916611603013
Aquibium	Bacteria	Pseudomonadota	Alphaproteobacteria	Hyphomicrobiales	Phyllobacteriaceae	Aquibium	0.05	0	0	1.87105650826368e-05	0	0.000942507068803016
Aggregatibacter	Bacteria	Pseudomonadota	Gammaproteobacteria	Pasteurellales	Pasteurellaceae	Aggregatibacter	0.181818181818182	0	0	0.00145256871850023	0	0.116779348494161
Comamonas	Bacteria	Pseudomonadota	Betaproteobacteria	Burkholderiales	Comamonadaceae	Comamonas	0.245454545454545	0	0	0.000944830813719766	0	0.0651828298887122
Eikenella	Bacteria	Pseudomonadota	Betaproteobacteria	Neisseriales	Neisseriaceae	Eikenella	0.140909090909091	0	0	0.000536188809531182	0	0.0864073777064956
Listeria	Bacteria	Bacillota	Bacilli	Bacillales	Listeriaceae	Listeria	0.0681818181818182	0	0	0.000727788147037658	0	0.0982318271119843
Longibaculum	Bacteria	Bacillota	Erysipelotrichia	Erysipelotrichales	Erysipelotrichaceae	Longibaculum	0.0363636363636364	0	0	3.23084668584187e-05	0	0.00182028058959332
Granulibacter	Bacteria	Pseudomonadota	Alphaproteobacteria	Rhodospirillales	Acetobacteraceae	Granulibacter	0.0227272727272727	0	0	3.04832472842244e-05	0	0.00297397769516729
Janibacter	Bacteria	Actinomycetota	Actinomycetes	Micrococcales	Intrasporangiaceae	Janibacter	0.0363636363636364	0	0	1.48012178185115e-05	0	0.000942507068803016
Dermacoccus	Bacteria	Actinomycetota	Actinomycetes	Micrococcales	Dermacoccaceae	Dermacoccus	0.0136363636363636	0	0	0.000142122940297972	0	0.0275581953967769
Glaesserella	Bacteria	Pseudomonadota	Gammaproteobacteria	Pasteurellales	Pasteurellaceae	Glaesserella	0.1	0	0	0.000158976049009075	0	0.0119691752746352
Methyloversatilis	Bacteria	Pseudomonadota	Betaproteobacteria	Nitrosomonadales	Sterolibacteriaceae	Methyloversatilis	0.0272727272727273	0	0	1.1936488748007e-05	0	0.00120882441825325
Lysinibacillus	Bacteria	Bacillota	Bacilli	Bacillales	Bacillaceae	Lysinibacillus	0.0409090909090909	0	0	2.18389097741002e-05	0	0.00402067777139575
Sphingosinicella	Bacteria	Pseudomonadota	Alphaproteobacteria	Sphingomonadales	Sphingosinicellaceae	Sphingosinicella	0.686363636363636	0	0.00126850064350064	0.0032633721707004	0.00512981772499148	0.031352057478772
Hyphomicrobium	Bacteria	Pseudomonadota	Alphaproteobacteria	Hyphomicrobiales	Hyphomicrobiaceae	Hyphomicrobium	0.0636363636363636	0	0	0.000674550131576646	0	0.0875319247736243
Snodgrassella	Bacteria	Pseudomonadota	Betaproteobacteria	Neisseriales	Neisseriaceae	Snodgrassella	0.0363636363636364	0	0	5.03203334664016e-05	0	0.00810689085722864
Rhodoferax	Bacteria	Pseudomonadota	Betaproteobacteria	Burkholderiales	Comamonadaceae	Rhodoferax	0.0954545454545455	0	0	0.000462426959440202	0	0.0557729941291585
Cytobacillus	Bacteria	Bacillota	Bacilli	Bacillales	Bacillaceae	Cytobacillus	0.0454545454545455	0	0	2.88546821778368e-05	0	0.00257363454389477
Peribacillus	Bacteria	Bacillota	Bacilli	Bacillales	Bacillaceae	Peribacillus	0.0227272727272727	0	0	1.22087908371381e-05	0	0.00114383757506434
Kingella	Bacteria	Pseudomonadota	Betaproteobacteria	Neisseriales	Neisseriaceae	Kingella	0.0545454545454545	0	0	0.000213986440699607	0	0.0206370569762225
Lapidilactobacillus	Bacteria	Bacillota	Bacilli	Lactobacillales	Lactobacillaceae	Lapidilactobacillus	0.0909090909090909	0	0	1.80320903501955e-05	0	0.000497017892644135
Pseudoprevotella	Bacteria	Bacteroidota	Bacteroidia	Bacteroidales	Prevotellaceae	Pseudoprevotella	0.0454545454545455	0	0	1.35385330333685e-05	0	0.00103263114415531
Acidobacterium	Bacteria	Acidobacteriota	Terriglobia	Terriglobales	Acidobacteriaceae	Acidobacterium	0.00909090909090909	0	0	2.11295382794994e-05	0	0.00370599135268684
Acidibrevibacterium	Bacteria	Pseudomonadota	Alphaproteobacteria	Rhodospirillales	Acetobacteraceae	Acidibrevibacterium	0.05	0	0	0.000107721762799159	0	0.00797101449275362
Brevundimonas	Bacteria	Pseudomonadota	Alphaproteobacteria	Caulobacterales	Caulobacteraceae	Brevundimonas	0.313636363636364	0	0	0.00751549114668435	0.000390628429038016	0.17043415859347
Delftia	Bacteria	Pseudomonadota	Betaproteobacteria	Burkholderiales	Comamonadaceae	Delftia	0.231818181818182	0	0	0.00405332600621303	0	0.356652949245542
Luteibacter	Bacteria	Pseudomonadota	Gammaproteobacteria	Xanthomonadales	Rhodanobacteraceae	Luteibacter	0.00909090909090909	0	0	0.000204066355252126	0	0.0289855072463768
Kocuria	Bacteria	Actinomycetota	Actinomycetes	Micrococcales	Micrococcaceae	Kocuria	0.0863636363636364	0	0	0.000269176108065584	0	0.0256553262688232
Sphingosinithalassobacter	Bacteria	Pseudomonadota	Alphaproteobacteria	Sphingomonadales	Sphingomonadaceae	Sphingosinithalassobacter	0.322727272727273	0	0	0.00338132525453546	0.000683443865381836	0.0722178374112076
Suicoccus	Bacteria	Bacillota	Bacilli	Lactobacillales	Aerococcaceae	Suicoccus	0.0590909090909091	0	0	0.00013314516066787	0	0.0224513553966406
Pasteurellaceae_unclassified	Bacteria	Pseudomonadota	Gammaproteobacteria	Pasteurellales	Pasteurellaceae	Pasteurellaceae_unclassified	0.0545454545454545	0	0	1.64536773705565e-05	0	0.00131169044105591
Avibacterium	Bacteria	Pseudomonadota	Gammaproteobacteria	Pasteurellales	Pasteurellaceae	Avibacterium	0.131818181818182	0	0	0.000139345678573502	0	0.0102028272894899
Actinomyces	Bacteria	Actinomycetota	Actinomycetes	Actinomycetales	Actinomycetaceae	Actinomyces	0.136363636363636	0	0	0.000896116153830562	0	0.0421195652173913
Rhizorhabdus	Bacteria	Pseudomonadota	Alphaproteobacteria	Sphingomonadales	Sphingomonadaceae	Rhizorhabdus	0.2	0	0	0.00018859134974605	0	0.00315706393054459
Planococcus	Bacteria	Bacillota	Bacilli	Bacillales	Planococcaceae	Planococcus	0.0454545454545455	0	0	7.75106633247048e-05	0	0.00809599537371693
Caminibacter	Bacteria	Campylobacterota	Epsilonproteobacteria	Nautiliales	Nautiliaceae	Caminibacter	0.0409090909090909	0	0	2.40103934886636e-05	0	0.00199567603525694
Bibersteinia	Bacteria	Pseudomonadota	Gammaproteobacteria	Pasteurellales	Pasteurellaceae	Bibersteinia	0.0363636363636364	0	0	1.21985136539762e-05	0	0.000753153831670119
Sneathia	Bacteria	Fusobacteriota	Fusobacteriia	Fusobacteriales	Leptotrichiaceae	Sneathia	0.0181818181818182	0	0	0.000126349530072643	0	0.0215557638238051
Bradyrhizobium	Bacteria	Pseudomonadota	Alphaproteobacteria	Hyphomicrobiales	Nitrobacteraceae	Bradyrhizobium	0.381818181818182	0	0	0.00355798712030644	0.00157988276259234	0.0646312450436162
Paenacidovorax	Bacteria	Pseudomonadota	Betaproteobacteria	Burkholderiales	Comamonadaceae	Paenacidovorax	0.0909090909090909	0	0	0.00035605095732249	0	0.0264187866927593
Pseudorhodoplanes	Bacteria	Pseudomonadota	Alphaproteobacteria	Hyphomicrobiales	Hyphomicrobiales_unclassified	Pseudorhodoplanes	0.0409090909090909	0	0	5.3176200100766e-05	0	0.00217391304347826
Tardiphaga	Bacteria	Pseudomonadota	Alphaproteobacteria	Hyphomicrobiales	Nitrobacteraceae	Tardiphaga	0.0318181818181818	0	0	5.11320132429759e-06	0	0.000335120643431635
Variovorax	Bacteria	Pseudomonadota	Betaproteobacteria	Burkholderiales	Comamonadaceae	Variovorax	0.168181818181818	0	0	0.00154318598052026	0	0.128367003367003
Methylibium	Bacteria	Pseudomonadota	Betaproteobacteria	Burkholderiales	Sphaerotilaceae	Methylibium	0.163636363636364	0	0	0.000752870304551507	0	0.0390763765541741
Phytobacter	Bacteria	Pseudomonadota	Gammaproteobacteria	Enterobacterales	Enterobacteriaceae	Phytobacter	0.0181818181818182	0	0	1.51593925610113e-05	0	0.00223089793641941
Eubacterium	Bacteria	Bacillota	Clostridia	Eubacteriales	Eubacteriaceae	Eubacterium	0.0272727272727273	0	0	5.32018596360338e-05	0	0.00650759219088937
Afipia	Bacteria	Pseudomonadota	Alphaproteobacteria	Hyphomicrobiales	Nitrobacteraceae	Afipia	0.118181818181818	0	0	6.04112991892897e-05	0	0.00251572327044025
Erysipelothrix	Bacteria	Bacillota	Erysipelotrichia	Erysipelotrichales	Erysipelotrichaceae	Erysipelothrix	0.0409090909090909	0	0	2.24076883689905e-05	0	0.0014058106841612
Breoghania	Bacteria	Pseudomonadota	Alphaproteobacteria	Hyphomicrobiales	Breoghaniaceae	Breoghania	0.0272727272727273	0	0	1.09646970637262e-05	0	0.000813068223815507
Flavobacterium	Bacteria	Bacteroidota	Flavobacteriia	Flavobacteriales	Flavobacteriaceae	Flavobacterium	0.0272727272727273	0	0	0.000361176797849119	0	0.05249343832021
Caenibius	Bacteria	Pseudomonadota	Alphaproteobacteria	Sphingomonadales	Erythrobacteraceae	Caenibius	0.131818181818182	0	0	0.000216846534573606	0	0.0176470588235294
Chroococcidiopsis	Bacteria	Cyanobacteriota	Cyanophyceae	Chroococcidiopsidales	Chroococcidiopsidaceae	Chroococcidiopsis	0.0363636363636364	0	0	1.46981488806657e-05	0	0.000877963125548727
Candidatus Nitrotoga	Bacteria	Pseudomonadota	Betaproteobacteria	Nitrosomonadales	Gallionellaceae	Candidatus Nitrotoga	0.0227272727272727	0	0	1.0058188412169e-05	0	0.000797766254487435
Microvirga	Bacteria	Pseudomonadota	Alphaproteobacteria	Hyphomicrobiales	Methylobacteriaceae	Microvirga	0.0818181818181818	0	0	0.000151243702552876	0	0.0103806228373702
Rothia	Bacteria	Actinomycetota	Actinomycetes	Micrococcales	Micrococcaceae	Rothia	0.131818181818182	0	0	0.000554185622922814	0	0.0173428499874781
Cryptobacterium	Bacteria	Actinomycetota	Coriobacteriia	Eggerthellales	Eggerthellaceae	Cryptobacterium	0.0272727272727273	0	0	4.85828488438006e-06	0	0.000400520676879944
Polaromonas	Bacteria	Pseudomonadota	Betaproteobacteria	Burkholderiales	Comamonadaceae	Polaromonas	0.0681818181818182	0	0	0.000165771334641667	0	0.0195694716242661
Methylocella	Bacteria	Pseudomonadota	Alphaproteobacteria	Hyphomicrobiales	Beijerinckiaceae	Methylocella	0.0272727272727273	0	0	2.15860534466744e-05	0	0.00157418339236521
Methylocystis	Bacteria	Pseudomonadota	Alphaproteobacteria	Hyphomicrobiales	Methylocystaceae	Methylocystis	0.0409090909090909	0	0	5.41457663438985e-05	0	0.00428189116859946
Methylovirgula	Bacteria	Pseudomonadota	Alphaproteobacteria	Hyphomicrobiales	Beijerinckiaceae	Methylovirgula	0.0272727272727273	0	0	2.6232503744818e-05	0	0.0016057091882248
Croceicoccus	Bacteria	Pseudomonadota	Alphaproteobacteria	Sphingomonadales	Erythrobacteraceae	Croceicoccus	0.0681818181818182	0	0	1.99118655048561e-05	0	0.0014659449706811
Macrococcus	Bacteria	Bacillota	Bacilli	Bacillales	Staphylococcaceae	Macrococcus	0.0272727272727273	0	0	0.000186801253095316	0	0.0300568643379366
Gloeocapsa	Bacteria	Cyanobacteriota	Cyanophyceae	Chroococcales	Chroococcaceae	Gloeocapsa	0.0363636363636364	0	0	1.83033005288821e-05	0	0.00126769490809212
Liberibacter	Bacteria	Pseudomonadota	Alphaproteobacteria	Hyphomicrobiales	Rhizobiaceae	Liberibacter	0.0181818181818182	0	0	1.40190876704521e-05	0	0.00172117039586919
Pseudolabrys	Bacteria	Pseudomonadota	Alphaproteobacteria	Hyphomicrobiales	Xanthobacteraceae	Pseudolabrys	0.0363636363636364	0	0	4.29919425115478e-05	0	0.0048171275646744
Limnohabitans	Bacteria	Pseudomonadota	Betaproteobacteria	Burkholderiales	Comamonadaceae	Limnohabitans	0.0363636363636364	0	0	5.28830866418116e-05	0	0.00684931506849315
Blastochloris	Bacteria	Pseudomonadota	Alphaproteobacteria	Hyphomicrobiales	Blastochloridaceae	Blastochloris	0.0181818181818182	0	0	5.49273518789206e-06	0	0.000575638959244762
Advenella	Bacteria	Pseudomonadota	Betaproteobacteria	Burkholderiales	Alcaligenaceae	Advenella	0.0772727272727273	0	0	0.000194356638954447	0	0.00807381776239908
Erwinia	Bacteria	Pseudomonadota	Gammaproteobacteria	Enterobacterales	Erwiniaceae	Erwinia	0.0863636363636364	0	0	0.000472111244748579	0	0.033457249070632
Paracoccus	Bacteria	Pseudomonadota	Alphaproteobacteria	Rhodobacterales	Paracoccaceae	Paracoccus	0.359090909090909	0	0	0.0147820661213457	0.00185461825874337	0.528995215311005
Candidatus Saccharibacteria_unclassified	Bacteria	Candidatus Saccharibacteria	Candidatus Saccharibacteria_unclassified	Candidatus Saccharibacteria_unclassified	Candidatus Saccharibacteria_unclassified	Candidatus Saccharibacteria_unclassified	0.0545454545454545	0	0	0.000108965707648142	0	0.0116738843908868
Stella	Bacteria	Pseudomonadota	Alphaproteobacteria	Rhodospirillales	Stellaceae	Stella	0.0363636363636364	0	0	1.05637901795887e-05	0	0.00119236883942766
Candidatus Solibacter	Bacteria	Acidobacteriota	Terriglobia	Bryobacterales	Solibacteraceae	Candidatus Solibacter	0.0227272727272727	0	0	0.000511889959707489	0	0.109420916162489
Deinococcus	Bacteria	Deinococcota	Deinococci	Deinococcales	Deinococcaceae	Deinococcus	0.05	0	0	0.000400997810433022	0	0.0354027706516162
Burkholderia	Bacteria	Pseudomonadota	Betaproteobacteria	Burkholderiales	Burkholderiaceae	Burkholderia	0.331818181818182	0	0	0.0805709642798865	0.00118467628363719	0.959721713658001
Rhodococcus	Bacteria	Actinomycetota	Actinomycetes	Mycobacteriales	Nocardiaceae	Rhodococcus	0.0272727272727273	0	0	3.77946742275667e-05	0	0.00424478245489919
Tsuneonella	Bacteria	Pseudomonadota	Alphaproteobacteria	Sphingomonadales	Erythrobacteraceae	Tsuneonella	0.0545454545454545	0	0	4.19037722312439e-05	0	0.00360144057623049
Paracidovorax	Bacteria	Pseudomonadota	Betaproteobacteria	Burkholderiales	Comamonadaceae	Paracidovorax	0.1	0	0	0.000265793124715527	0	0.0156555772994129
Ochrobactrum	Bacteria	Pseudomonadota	Alphaproteobacteria	Hyphomicrobiales	Brucellaceae	Ochrobactrum	0.0681818181818182	0	0	0.000222028628987387	0	0.0102564102564103
Tardibacter	Bacteria	Pseudomonadota	Alphaproteobacteria	Sphingomonadales	Sphingomonadaceae	Tardibacter	0.0727272727272727	0	0	2.68165335238567e-05	0	0.00286532951289398
Roseomonas	Bacteria	Pseudomonadota	Alphaproteobacteria	Rhodospirillales	Acetobacteraceae	Roseomonas	0.1	0	0	0.00104593348488015	0	0.0566414040686079
Altererythrobacter	Bacteria	Pseudomonadota	Alphaproteobacteria	Sphingomonadales	Erythrobacteraceae	Altererythrobacter	0.104545454545455	0	0	7.19392610159031e-05	0	0.00285760940561724
Niveispirillum	Bacteria	Pseudomonadota	Alphaproteobacteria	Rhodospirillales	Azospirillaceae	Niveispirillum	0.0181818181818182	0	0	3.94611046855415e-05	0	0.0050314465408805
Parvibaculum	Bacteria	Pseudomonadota	Alphaproteobacteria	Hyphomicrobiales	Parvibaculaceae	Parvibaculum	0.0272727272727273	0	0	0.000192313706512805	0	0.0308788598574822
Niallia	Bacteria	Bacillota	Bacilli	Bacillales	Bacillaceae	Niallia	0.0363636363636364	0	0	0.000436408584443039	0	0.0523753319563293
Micrococcus	Bacteria	Actinomycetota	Actinomycetes	Micrococcales	Micrococcaceae	Micrococcus	0.109090909090909	0	0	0.000967288805498026	0	0.0565139537930733
Bosea	Bacteria	Pseudomonadota	Alphaproteobacteria	Hyphomicrobiales	Boseaceae	Bosea	0.104545454545455	0	0	0.000187369518839849	0	0.0095389507154213
Oligella	Bacteria	Pseudomonadota	Betaproteobacteria	Burkholderiales	Alcaligenaceae	Oligella	0.0181818181818182	0	0	6.95110560462568e-05	0	0.0132481665483795
Collimonas	Bacteria	Pseudomonadota	Betaproteobacteria	Burkholderiales	Oxalobacteraceae	Collimonas	0.0909090909090909	0	0	0.000255095323643138	0	0.0125698324022346
Paludibacter	Bacteria	Bacteroidota	Bacteroidia	Bacteroidales	Paludibacteraceae	Paludibacter	0.0181818181818182	0	0	3.27757551835049e-05	0	0.00648929266709929
Riemerella	Bacteria	Bacteroidota	Flavobacteriia	Flavobacteriales	Weeksellaceae	Riemerella	0.0181818181818182	0	0	3.07382790567186e-05	0	0.00648929266709929
Yoonia	Bacteria	Pseudomonadota	Alphaproteobacteria	Rhodobacterales	Paracoccaceae	Yoonia	0.0318181818181818	0	0	2.89819554182246e-05	0	0.00394632991318074
Ruegeria	Bacteria	Pseudomonadota	Alphaproteobacteria	Rhodobacterales	Roseobacteraceae	Ruegeria	0.0409090909090909	0	0	4.56787903562895e-05	0	0.00493339911198816
Paroceanicella	Bacteria	Pseudomonadota	Alphaproteobacteria	Rhodobacterales	Paracoccaceae	Paroceanicella	0.0409090909090909	0	0	6.9316256187326e-05	0	0.00652173913043478
Vitreoscilla	Bacteria	Pseudomonadota	Betaproteobacteria	Neisseriales	Neisseriaceae	Vitreoscilla	0.172727272727273	0	0	0.000163674237662325	0	0.00588235294117647
Brevibacterium	Bacteria	Actinomycetota	Actinomycetes	Micrococcales	Brevibacteriaceae	Brevibacterium	0.0227272727272727	0	0	2.56734397580932e-05	0	0.00290697674418605
Youhaiella	Bacteria	Pseudomonadota	Alphaproteobacteria	Hyphomicrobiales	Devosiaceae	Youhaiella	0.0363636363636364	0	0	2.18396339855045e-05	0	0.00131169044105591
Paracoccaceae_unclassified	Bacteria	Pseudomonadota	Alphaproteobacteria	Rhodobacterales	Paracoccaceae	Paracoccaceae_unclassified	0.0363636363636364	0	0	7.41910925704345e-05	0	0.0110312981015906
Alicycliphilus	Bacteria	Pseudomonadota	Betaproteobacteria	Burkholderiales	Comamonadaceae	Alicycliphilus	0.0727272727272727	0	0	0.000226922424309687	0	0.0105263157894737
Anabaena	Bacteria	Cyanobacteriota	Cyanophyceae	Nostocales	Nostocaceae	Anabaena	0.236363636363636	0	0	0.000405863399033366	0	0.0283993115318417
Roseovarius	Bacteria	Pseudomonadota	Alphaproteobacteria	Rhodobacterales	Roseobacteraceae	Roseovarius	0.0318181818181818	0	0	5.45999910600155e-05	0	0.00513022888713496
Inhella	Bacteria	Pseudomonadota	Betaproteobacteria	Burkholderiales	Sphaerotilaceae	Inhella	0.0818181818181818	0	0	3.1476587191908e-05	0	0.000980392156862745
Salipiger	Bacteria	Pseudomonadota	Alphaproteobacteria	Rhodobacterales	Roseobacteraceae	Salipiger	0.0227272727272727	0	0	1.0514949892254e-05	0	0.000789265982636148
Fuscovulum	Bacteria	Pseudomonadota	Alphaproteobacteria	Rhodobacterales	Paracoccaceae	Fuscovulum	0.0318181818181818	0	0	2.06684733919623e-05	0	0.00133971291866029
Qingshengfaniella	Bacteria	Pseudomonadota	Alphaproteobacteria	Rhodobacterales	Paracoccaceae	Qingshengfaniella	0.0318181818181818	0	0	1.95173671864333e-05	0	0.00118389897395422
Paenibacillus	Bacteria	Bacillota	Bacilli	Bacillales	Paenibacillaceae	Paenibacillus	0.0454545454545455	0	0	9.42228571757871e-05	0	0.00532886723507917
Nitratireductor	Bacteria	Pseudomonadota	Alphaproteobacteria	Hyphomicrobiales	Phyllobacteriaceae	Nitratireductor	0.0227272727272727	0	0	3.18849611426796e-06	0	0.000361532899493854
Hafnia	Bacteria	Pseudomonadota	Gammaproteobacteria	Enterobacterales	Hafniaceae	Hafnia	0.0136363636363636	0	0	5.47462352898744e-05	0	0.00977653631284916
Bartonella	Bacteria	Pseudomonadota	Alphaproteobacteria	Hyphomicrobiales	Bartonellaceae	Bartonella	0.00909090909090909	0	0	9.03105480688316e-06	0	0.00122925629993854
Rodentibacter	Bacteria	Pseudomonadota	Gammaproteobacteria	Pasteurellales	Pasteurellaceae	Rodentibacter	0.0954545454545455	0	0	5.77792431831864e-05	0	0.0059026069847516
Sutcliffiella	Bacteria	Bacillota	Bacilli	Bacillales	Bacillaceae	Sutcliffiella	0.0318181818181818	0	0	3.36726879492562e-05	0	0.003470715835141
Denitrobacterium	Bacteria	Actinomycetota	Coriobacteriia	Eggerthellales	Eggerthellaceae	Denitrobacterium	0.0136363636363636	0	0	2.89134488714657e-06	0	0.000268793118896156
Indioceanicola	Bacteria	Pseudomonadota	Alphaproteobacteria	Rhodospirillales	Azospirillaceae	Indioceanicola	0.0318181818181818	0	0	2.19973398333624e-05	0	0.00271739130434783
Aureimonas	Bacteria	Pseudomonadota	Alphaproteobacteria	Hyphomicrobiales	Aurantimonadaceae	Aureimonas	0.00909090909090909	0	0	1.27289065015599e-05	0	0.00271076172404446
Duffyella	Bacteria	Pseudomonadota	Gammaproteobacteria	Enterobacterales	Erwiniaceae	Duffyella	0.0136363636363636	0	0	7.86240649361774e-05	0	0.0138580931263858
Rahnella	Bacteria	Pseudomonadota	Gammaproteobacteria	Enterobacterales	Yersiniaceae	Rahnella	0.0181818181818182	0	0	0.000152443473293124	0	0.0223463687150838
Simonsiella	Bacteria	Pseudomonadota	Betaproteobacteria	Neisseriales	Neisseriaceae	Simonsiella	0.0363636363636364	0	0	2.55574530435151e-05	0	0.00162645703442667
Xanthomonas	Bacteria	Pseudomonadota	Gammaproteobacteria	Xanthomonadales	Xanthomonadaceae	Xanthomonas	0.0727272727272727	0	0	0.00010929385835697	0	0.00878155872667398
Bordetella	Bacteria	Pseudomonadota	Betaproteobacteria	Burkholderiales	Alcaligenaceae	Bordetella	0.0863636363636364	0	0	0.000164356586794431	0	0.0156862745098039
Pusillimonas	Bacteria	Pseudomonadota	Betaproteobacteria	Burkholderiales	Alcaligenaceae	Pusillimonas	0.0318181818181818	0	0	3.97915386059858e-05	0	0.00294117647058824
Gemmatirosa	Bacteria	Gemmatimonadota	Gemmatimonadetes	Gemmatimonadales	Gemmatimonadaceae	Gemmatirosa	0.0318181818181818	0	0	9.2434981892477e-05	0	0.0162526120269329
Caulobacter	Bacteria	Pseudomonadota	Alphaproteobacteria	Caulobacterales	Caulobacteraceae	Caulobacter	0.1	0	0	0.00137964523174722	0	0.12156862745098
Alysiella	Bacteria	Pseudomonadota	Betaproteobacteria	Neisseriales	Neisseriaceae	Alysiella	0.0409090909090909	0	0	1.92065584742493e-05	0	0.00180153130160637
Salinicoccus	Bacteria	Bacillota	Bacilli	Bacillales	Staphylococcaceae	Salinicoccus	0.0772727272727273	0	0	0.000258762931823674	0	0.0231660231660232
Brochothrix	Bacteria	Bacillota	Bacilli	Bacillales	Listeriaceae	Brochothrix	0.0227272727272727	0	0	0.000291812191787936	0	0.0446927374301676
Chitinophaga	Bacteria	Bacteroidota	Chitinophagia	Chitinophagales	Chitinophagaceae	Chitinophaga	0.0636363636363636	0	0	0.000128402552150895	0	0.0110044017607043
Pseudoxanthomonas	Bacteria	Pseudomonadota	Gammaproteobacteria	Xanthomonadales	Xanthomonadaceae	Pseudoxanthomonas	0.05	0	0	0.000404939798267004	0	0.0268115942028985
Flavisolibacter	Bacteria	Bacteroidota	Chitinophagia	Chitinophagales	Chitinophagaceae	Flavisolibacter	0.0545454545454545	0	0	0.000162556826665587	0	0.0131950989632422
Pseudobacter	Bacteria	Bacteroidota	Chitinophagia	Chitinophagales	Chitinophagaceae	Pseudobacter	0.0409090909090909	0	0	3.07978565814587e-05	0	0.00147754137115839
Phnomibacter	Bacteria	Bacteroidota	Chitinophagia	Chitinophagales	Chitinophagaceae	Phnomibacter	0.0227272727272727	0	0	4.75721728744532e-06	0	0.00072463768115942
Megamonas	Bacteria	Bacillota	Negativicutes	Selenomonadales	Selenomonadaceae	Megamonas	0.0318181818181818	0	0	3.61924904977799e-05	0	0.00578034682080925
Leptotrichia	Bacteria	Fusobacteriota	Fusobacteriia	Fusobacteriales	Leptotrichiaceae	Leptotrichia	0.0772727272727273	0	0	0.000485219565094795	0	0.0514800514800515
Ramlibacter	Bacteria	Pseudomonadota	Betaproteobacteria	Burkholderiales	Comamonadaceae	Ramlibacter	0.0409090909090909	0	0	0.000390732616975594	0	0.0518590998043053
Devosia	Bacteria	Pseudomonadota	Alphaproteobacteria	Hyphomicrobiales	Devosiaceae	Devosia	0.05	0	0	0.000101501062015842	0	0.0112280701754386
Sporomusa	Bacteria	Bacillota	Negativicutes	Selenomonadales	Sporomusaceae	Sporomusa	0.0227272727272727	0	0	2.85995249580615e-05	0	0.00497017892644135
Lautropia	Bacteria	Pseudomonadota	Betaproteobacteria	Burkholderiales	Burkholderiaceae	Lautropia	0.0590909090909091	0	0	0.000408051563718073	0	0.0685182105438217
Liquorilactobacillus	Bacteria	Bacillota	Bacilli	Lactobacillales	Lactobacillaceae	Liquorilactobacillus	0.0272727272727273	0	0	6.62640768680941e-06	0	0.000468603561387067
Niastella	Bacteria	Bacteroidota	Chitinophagia	Chitinophagales	Chitinophagaceae	Niastella	0.0363636363636364	0	0	4.97822029642615e-05	0	0.00613496932515337
Porphyrobacter	Bacteria	Pseudomonadota	Alphaproteobacteria	Sphingomonadales	Erythrobacteraceae	Porphyrobacter	0.0590909090909091	0	0	2.60112785429613e-05	0	0.00191387559808612
Pseudothauera	Bacteria	Pseudomonadota	Betaproteobacteria	Rhodocyclales	Zoogloeaceae	Pseudothauera	0.0363636363636364	0	0	1.97014663922354e-05	0	0.00139609094535301
Synechococcus	Bacteria	Cyanobacteriota	Cyanophyceae	Synechococcales	Synechococcaceae	Synechococcus	0.0727272727272727	0	0	0.000129061102618397	0	0.00737265415549598
Denitratisoma	Bacteria	Pseudomonadota	Betaproteobacteria	Nitrosomonadales	Sterolibacteriaceae	Denitratisoma	0.0681818181818182	0	0	3.54841280929129e-05	0	0.00197316495659037
Oryzomicrobium	Bacteria	Pseudomonadota	Betaproteobacteria	Rhodocyclales	Rhodocyclaceae	Oryzomicrobium	0.0227272727272727	0	0	5.96406745154723e-06	0	0.000574382538770821
Aromatoleum	Bacteria	Pseudomonadota	Betaproteobacteria	Rhodocyclales	Rhodocyclaceae	Aromatoleum	0.0318181818181818	0	0	6.03471281555506e-05	0	0.008274231678487
Thiomonas	Bacteria	Pseudomonadota	Betaproteobacteria	Burkholderiales	Burkholderiales_unclassified	Thiomonas	0.0318181818181818	0	0	1.51627054875637e-05	0	0.000978473581213307
Azoarcus	Bacteria	Pseudomonadota	Betaproteobacteria	Rhodocyclales	Zoogloeaceae	Azoarcus	0.0454545454545455	0	0	9.84627477632662e-05	0	0.008274231678487
Pseudanabaena	Bacteria	Cyanobacteriota	Cyanophyceae	Pseudanabaenales	Pseudanabaenaceae	Pseudanabaena	0.0318181818181818	0	0	9.30418445627136e-06	0	0.000583884780070066
Calothrix	Bacteria	Cyanobacteriota	Cyanophyceae	Nostocales	Calotrichaceae	Calothrix	0.0590909090909091	0	0	9.24793384505385e-05	0	0.00465425531914894
Hydrogenophilus	Bacteria	Pseudomonadota	Hydrogenophilia	Hydrogenophilales	Hydrogenophilaceae	Hydrogenophilus	0.0227272727272727	0	0	1.05957563683423e-05	0	0.0015785319652723
Erythrobacter	Bacteria	Pseudomonadota	Alphaproteobacteria	Sphingomonadales	Erythrobacteraceae	Erythrobacter	0.359090909090909	0	0	0.000665553289896871	0.000287826352836301	0.0177383592017738
Nitrobacter	Bacteria	Pseudomonadota	Alphaproteobacteria	Hyphomicrobiales	Nitrobacteraceae	Nitrobacter	0.0545454545454545	0	0	6.40650617624666e-05	0	0.00499553969669938
Undibacterium	Bacteria	Pseudomonadota	Betaproteobacteria	Burkholderiales	Oxalobacteraceae	Undibacterium	0.0545454545454545	0	0	7.18768803318947e-05	0	0.00489236790606654
Paenisporosarcina	Bacteria	Bacillota	Bacilli	Bacillales	Planococcaceae	Paenisporosarcina	0.0318181818181818	0	0	0.000109680317927963	0	0.0205920205920206
Frigidibacter	Bacteria	Pseudomonadota	Alphaproteobacteria	Rhodobacterales	Paracoccaceae	Frigidibacter	0.05	0	0	3.06235146336423e-05	0	0.00179579271421242
Haematobacter	Bacteria	Pseudomonadota	Alphaproteobacteria	Rhodobacterales	Paracoccaceae	Haematobacter	0.0409090909090909	0	0	9.97961769532097e-05	0	0.00795279630579785
Caldibacillus	Bacteria	Bacillota	Bacilli	Bacillales	Bacillaceae	Caldibacillus	0.0136363636363636	0	0	1.88509554685433e-05	0	0.00325227289526203
Oscillatoria	Bacteria	Cyanobacteriota	Cyanophyceae	Oscillatoriales	Oscillatoriaceae	Oscillatoria	0.0772727272727273	0	0	7.48324356082793e-05	0	0.00324939073923639
Dechloromonas	Bacteria	Pseudomonadota	Betaproteobacteria	Rhodocyclales	Azonexaceae	Dechloromonas	0.05	0	0	0.000473998083871572	0	0.0602870813397129
Thauera	Bacteria	Pseudomonadota	Betaproteobacteria	Rhodocyclales	Zoogloeaceae	Thauera	0.0363636363636364	0	0	2.59176356641109e-05	0	0.00236406619385343
Psychrobacter	Bacteria	Pseudomonadota	Gammaproteobacteria	Moraxellales	Moraxellaceae	Psychrobacter	0.0272727272727273	0	0	0.000148232195466586	0	0.0125698324022346
Variibacter	Bacteria	Pseudomonadota	Alphaproteobacteria	Hyphomicrobiales	Nitrobacteraceae	Variibacter	0.0318181818181818	0	0	3.48824895251118e-05	0	0.00188501413760603
Conexibacter	Bacteria	Actinomycetota	Thermoleophilia	Solirubrobacterales	Conexibacteraceae	Conexibacter	0.0227272727272727	0	0	5.59128465665705e-05	0	0.00573065902578797
Paraburkholderia	Bacteria	Pseudomonadota	Betaproteobacteria	Burkholderiales	Burkholderiaceae	Paraburkholderia	0.195454545454545	0	0	0.000257031368781788	0	0.00669914738124239
Neorhizobium	Bacteria	Pseudomonadota	Alphaproteobacteria	Hyphomicrobiales	Rhizobiaceae	Neorhizobium	0.0590909090909091	0	0	0.000162980644096572	0	0.00918273645546373
Treponema	Bacteria	Spirochaetota	Spirochaetia	Spirochaetales	Treponemataceae	Treponema	0.0181818181818182	0	0	2.12070858873513e-05	0	0.00274685557322539
Parasphingopyxis	Bacteria	Pseudomonadota	Alphaproteobacteria	Sphingomonadales	Sphingomonadaceae	Parasphingopyxis	0.0636363636363636	0	0	1.37954447692907e-05	0	0.000891928051137208
Baekduia	Bacteria	Actinomycetota	Rubrobacteria	Rubrobacterales	Baekduiaceae	Baekduia	0.0318181818181818	0	0	0.000122101683435302	0	0.0202898550724638
Lentilactobacillus	Bacteria	Bacillota	Bacilli	Lactobacillales	Lactobacillaceae	Lentilactobacillus	0.00909090909090909	0	0	1.66145702835607e-05	0	0.00360144057623049
Cereibacter	Bacteria	Pseudomonadota	Alphaproteobacteria	Rhodobacterales	Paracoccaceae	Cereibacter	0.0363636363636364	0	0	4.86382283172892e-05	0	0.00360144057623049
Fimbriimonas	Bacteria	Armatimonadota	Fimbriimonadia	Fimbriimonadales	Fimbriimonadaceae	Fimbriimonas	0.0227272727272727	0	0	0.00010933757831186	0	0.0187487665285179
Herminiimonas	Bacteria	Pseudomonadota	Betaproteobacteria	Burkholderiales	Oxalobacteraceae	Herminiimonas	0.0545454545454545	0	0	0.00017386171022483	0	0.0116147599958886
Luteitalea	Bacteria	Acidobacteriota	Vicinamibacteria	Vicinamibacterales	Vicinamibacteraceae	Luteitalea	0.0227272727272727	0	0	1.56773200575761e-05	0	0.00145266725849407
Modestobacter	Bacteria	Actinomycetota	Actinomycetes	Geodermatophilales	Geodermatophilaceae	Modestobacter	0.0181818181818182	0	0	1.37723915500559e-05	0	0.00159028480555154
Pigmentiphaga	Bacteria	Pseudomonadota	Betaproteobacteria	Burkholderiales	Alcaligenaceae	Pigmentiphaga	0.0227272727272727	0	0	0.0003575280111434	0	0.0322896281800391
Sulfurimicrobium	Bacteria	Pseudomonadota	Betaproteobacteria	Nitrosomonadales	Sulfuricellaceae	Sulfurimicrobium	0.0272727272727273	0	0	4.81058606949124e-05	0	0.00698045472676506
Bisgaardia	Bacteria	Pseudomonadota	Gammaproteobacteria	Pasteurellales	Pasteurellaceae	Bisgaardia	0.0136363636363636	0	0	6.3736702560424e-06	0	0.00120260328239955
Candidatus Nanosynbacter	Bacteria	Candidatus Saccharibacteria	Candidatus Saccharimonadia	Candidatus Nanosynbacterales	Candidatus Nanosynbacteraceae	Candidatus Nanosynbacter	0.0181818181818182	0	0	4.21072501854948e-06	0	0.000383043922369765
Propionibacterium	Bacteria	Actinomycetota	Actinomycetes	Propionibacteriales	Propionibacteriaceae	Propionibacterium	0.0181818181818182	0	0	2.76852781317116e-05	0	0.00477223427331887
Mycetohabitans	Bacteria	Pseudomonadota	Betaproteobacteria	Burkholderiales	Burkholderiaceae	Mycetohabitans	0.0727272727272727	0	0	1.43688591144849e-05	0	0.000466442083441306
Caballeronia	Bacteria	Pseudomonadota	Betaproteobacteria	Burkholderiales	Burkholderiaceae	Caballeronia	0.122727272727273	0	0	6.26765055624515e-05	0	0.00288243771875643
Candidatus Saccharimonas	Bacteria	Candidatus Saccharibacteria	Candidatus Saccharimonadia	Candidatus Saccharimonadales	Candidatus Saccharimonadaceae	Candidatus Saccharimonas	0.0181818181818182	0	0	5.04809390844559e-06	0	0.000564865373752589
Pandoraea	Bacteria	Pseudomonadota	Betaproteobacteria	Burkholderiales	Burkholderiaceae	Pandoraea	0.172727272727273	0	0	0.000388312097825941	0	0.0147058823529412
Burkholderiales_unclassified	Bacteria	Pseudomonadota	Betaproteobacteria	Burkholderiales	Burkholderiales_unclassified	Burkholderiales_unclassified	0.05	0	0	8.37312558570826e-05	0	0.00558436378141205
Sporolactobacillus	Bacteria	Bacillota	Bacilli	Bacillales	Sporolactobacillaceae	Sporolactobacillus	0.0136363636363636	0	0	0.000202877986219192	0	0.0436991869918699
Arachnia	Bacteria	Actinomycetota	Actinomycetes	Propionibacteriales	Propionibacteriaceae	Arachnia	0.0136363636363636	0	0	1.39642216814384e-05	0	0.00255362614913177
Qipengyuania	Bacteria	Pseudomonadota	Alphaproteobacteria	Sphingomonadales	Erythrobacteraceae	Qipengyuania	0.259090909090909	0	0	0.000233729539533583	5.59017491124826e-05	0.005249343832021
Legionella	Bacteria	Pseudomonadota	Gammaproteobacteria	Legionellales	Legionellaceae	Legionella	0.0590909090909091	0	0	0.00011180934266095	0	0.0117647058823529
Sphingopyxis	Bacteria	Pseudomonadota	Alphaproteobacteria	Sphingomonadales	Sphingomonadaceae	Sphingopyxis	0.295454545454545	0	0	0.00155270486779978	0.000162087542087542	0.192920286541686
Chryseobacterium	Bacteria	Bacteroidota	Flavobacteriia	Flavobacteriales	Weeksellaceae	Chryseobacterium	0.0681818181818182	0	0	0.000347685585359253	0	0.0294117647058824
Acidisarcina	Bacteria	Acidobacteriota	Terriglobia	Terriglobales	Acidobacteriaceae	Acidisarcina	0.00909090909090909	0	0	2.39371074860803e-05	0	0.00432365657813465
Granulicella	Bacteria	Acidobacteriota	Terriglobia	Terriglobales	Acidobacteriaceae	Granulicella	0.00909090909090909	0	0	3.6144697124497e-05	0	0.00754005655042413
Edaphobacter	Bacteria	Acidobacteriota	Terriglobia	Terriglobales	Acidobacteriaceae	Edaphobacter	0.00909090909090909	0	0	9.9470686322509e-05	0	0.0216776625824694
Lederbergia	Bacteria	Bacillota	Bacilli	Bacillales	Bacillaceae	Lederbergia	0.0272727272727273	0	0	9.48098649678052e-05	0	0.0181393431359077
Blastococcus	Bacteria	Actinomycetota	Actinomycetes	Geodermatophilales	Geodermatophilaceae	Blastococcus	0.0272727272727273	0	0	3.33101304138741e-05	0	0.00276243093922652
Rheinheimera	Bacteria	Pseudomonadota	Gammaproteobacteria	Chromatiales	Chromatiaceae	Rheinheimera	0.0363636363636364	0	0	0.000291174737884743	0	0.0275590551181102
Caloranaerobacter	Bacteria	Bacillota	Tissierellia	Tissierellales	Thermohalobacteraceae	Caloranaerobacter	0.0318181818181818	0	0	1.86924660347088e-05	0	0.00236574402649633
Frederiksenia	Bacteria	Pseudomonadota	Gammaproteobacteria	Pasteurellales	Pasteurellaceae	Frederiksenia	0.00909090909090909	0	0	1.82703264884765e-05	0	0.00262338088211182
Metabacillus	Bacteria	Bacillota	Bacilli	Bacillales	Bacillaceae	Metabacillus	0.0136363636363636	0	0	7.94585716609724e-06	0	0.00131801920542271
Kozakia	Bacteria	Pseudomonadota	Alphaproteobacteria	Rhodospirillales	Acetobacteraceae	Kozakia	0.00909090909090909	0	0	2.45139788005331e-05	0	0.00371747211895911
Zymomonas	Bacteria	Pseudomonadota	Alphaproteobacteria	Sphingomonadales	Zymomonadaceae	Zymomonas	0.136363636363636	0	0	6.2109290486806e-05	0	0.00202631393794414
Asaia	Bacteria	Pseudomonadota	Alphaproteobacteria	Rhodospirillales	Acetobacteraceae	Asaia	0.0181818181818182	0	0	1.77613213739e-05	0	0.00148698884758364
Noviherbaspirillum	Bacteria	Pseudomonadota	Betaproteobacteria	Burkholderiales	Oxalobacteraceae	Noviherbaspirillum	0.0409090909090909	0	0	0.000109400655303339	0	0.0195530726256983
Phycicoccus	Bacteria	Actinomycetota	Actinomycetes	Micrococcales	Intrasporangiaceae	Phycicoccus	0.0136363636363636	0	0	1.93403574934364e-05	0	0.00323186443638905
Ornithinimicrobium	Bacteria	Actinomycetota	Actinomycetes	Micrococcales	Ornithinimicrobiaceae	Ornithinimicrobium	0.00909090909090909	0	0	2.40179374355827e-06	0	0.000480412281084858
Oceanobacillus	Bacteria	Bacillota	Bacilli	Bacillales	Bacillaceae	Oceanobacillus	0.0227272727272727	0	0	1.51949229289329e-05	0	0.00109289617486339
Blastomonas	Bacteria	Pseudomonadota	Alphaproteobacteria	Sphingomonadales	Sphingomonadaceae	Blastomonas	0.145454545454545	0	0	4.61283705853002e-05	0	0.00202631393794414
Mitsuaria	Bacteria	Pseudomonadota	Betaproteobacteria	Burkholderiales	Sphaerotilaceae	Mitsuaria	0.209090909090909	0	0	0.00218214751395403	0	0.163293274298967
Sulfuricystis	Bacteria	Pseudomonadota	Betaproteobacteria	Nitrosomonadales	Sterolibacteriaceae	Sulfuricystis	0.0409090909090909	0	0	4.61876915327117e-05	0	0.00287081339712919
Rhodoplanes	Bacteria	Pseudomonadota	Alphaproteobacteria	Hyphomicrobiales	Hyphomicrobiaceae	Rhodoplanes	0.0818181818181818	0	0	0.000488608103991339	0	0.0443731622560813
Croceibacterium	Bacteria	Pseudomonadota	Alphaproteobacteria	Sphingomonadales	Erythrobacteraceae	Croceibacterium	0.0227272727272727	0	0	3.34423411990825e-06	0	0.000574382538770821
Rhodopseudomonas	Bacteria	Pseudomonadota	Alphaproteobacteria	Hyphomicrobiales	Nitrobacteraceae	Rhodopseudomonas	0.172727272727273	0	0	0.000330800701115499	0	0.0186831738885763
Arthrobacter	Bacteria	Actinomycetota	Actinomycetes	Micrococcales	Micrococcaceae	Arthrobacter	0.0409090909090909	0	0	0.000139219721621926	0	0.0122282608695652
Thermovirga	Bacteria	Synergistota	Synergistia	Synergistales	Thermovirgaceae	Thermovirga	0.00909090909090909	0	0	1.28618155860558e-05	0	0.00194931773879142
Kaistella	Bacteria	Bacteroidota	Flavobacteriia	Flavobacteriales	Weeksellaceae	Kaistella	0.0136363636363636	0	0	1.54810768023652e-05	0	0.00232583297273907
Skermanella	Bacteria	Pseudomonadota	Alphaproteobacteria	Rhodospirillales	Azospirillaceae	Skermanella	0.0227272727272727	0	0	3.63476285526344e-05	0	0.00511980339954946
Actinomarinicola	Bacteria	Actinomycetota	Acidimicrobiia	Acidimicrobiales	Iamiaceae	Actinomarinicola	0.0181818181818182	0	0	1.57975174835429e-05	0	0.00231570822076418
Bdellovibrio	Bacteria	Bdellovibrionota	Bdellovibrionia	Bdellovibrionales	Pseudobdellovibrionaceae	Bdellovibrio	0.0454545454545455	0	0	5.55620500804601e-05	0	0.00287191269385411
Filimonas	Bacteria	Bacteroidota	Chitinophagia	Chitinophagales	Chitinophagaceae	Filimonas	0.0363636363636364	0	0	1.86425393050471e-05	0	0.00223089793641941
Panacibacter	Bacteria	Bacteroidota	Chitinophagia	Chitinophagales	Chitinophagaceae	Panacibacter	0.0136363636363636	0	0	2.31913221515593e-05	0	0.00325059101654846
Niabella	Bacteria	Bacteroidota	Chitinophagia	Chitinophagales	Chitinophagaceae	Niabella	0.0272727272727273	0	0	3.2091053441745e-05	0	0.0033808418959231
Pseudocnuella	Bacteria	Bacteroidota	Chitinophagia	Chitinophagales	Chitinophagaceae	Pseudocnuella	0.0272727272727273	0	0	1.3945531896392e-05	0	0.00129125978532806
Paraflavitalea	Bacteria	Bacteroidota	Chitinophagia	Chitinophagales	Chitinophagaceae	Paraflavitalea	0.0318181818181818	0	0	4.39929844997327e-05	0	0.00325059101654846
Bergeyella	Bacteria	Bacteroidota	Flavobacteriia	Flavobacteriales	Weeksellaceae	Bergeyella	0.0272727272727273	0	0	2.96871798520735e-05	0	0.00245919964229823
Mucilaginibacter	Bacteria	Bacteroidota	Sphingobacteriia	Sphingobacteriales	Sphingobacteriaceae	Mucilaginibacter	0.0318181818181818	0	0	0.000450164578748184	0	0.0317335243553009
Phenylobacterium	Bacteria	Pseudomonadota	Alphaproteobacteria	Caulobacterales	Caulobacteraceae	Phenylobacterium	0.0409090909090909	0	0	0.00040939838420492	0	0.0826161790017212
Castellaniella	Bacteria	Pseudomonadota	Betaproteobacteria	Burkholderiales	Alcaligenaceae	Castellaniella	0.0227272727272727	0	0	2.1668821676934e-05	0	0.00236779794790845
Sinorhizobium	Bacteria	Pseudomonadota	Alphaproteobacteria	Hyphomicrobiales	Rhizobiaceae	Sinorhizobium	0.0454545454545455	0	0	3.36944179648015e-05	0	0.00253807106598985
Thioclava	Bacteria	Pseudomonadota	Alphaproteobacteria	Rhodobacterales	Paracoccaceae	Thioclava	0.0181818181818182	0	0	1.05491835484566e-05	0	0.00120399036807706
Tabrizicola	Bacteria	Pseudomonadota	Alphaproteobacteria	Rhodobacterales	Paracoccaceae	Tabrizicola	0.0363636363636364	0	0	4.35541567337596e-05	0	0.00217391304347826
Truepera	Bacteria	Deinococcota	Deinococci	Trueperales	Trueperaceae	Truepera	0.0136363636363636	0	0	9.99610263375264e-05	0	0.0106316447779862
Labrenzia	Bacteria	Pseudomonadota	Alphaproteobacteria	Hyphomicrobiales	Stappiaceae	Labrenzia	0.0136363636363636	0	0	8.23223681911211e-06	0	0.0011596036263968
Parasphingorhabdus	Bacteria	Pseudomonadota	Alphaproteobacteria	Sphingomonadales	Sphingomonadaceae	Parasphingorhabdus	0.0545454545454545	0	0	1.03223448735064e-05	0	0.000513083632632119
Ketogulonicigenium	Bacteria	Pseudomonadota	Alphaproteobacteria	Rhodobacterales	Roseobacteraceae	Ketogulonicigenium	0.0409090909090909	0	0	4.09558987518741e-05	0	0.00513022888713496
Pacificitalea	Bacteria	Pseudomonadota	Alphaproteobacteria	Rhodobacterales	Paracoccaceae	Pacificitalea	0.0318181818181818	0	0	2.18695968308947e-05	0	0.00197316495659037
Geodermatophilus	Bacteria	Actinomycetota	Actinomycetes	Geodermatophilales	Geodermatophilaceae	Geodermatophilus	0.0136363636363636	0	0	3.50151310446723e-05	0	0.00710339384372534
Roseivivax	Bacteria	Pseudomonadota	Alphaproteobacteria	Rhodobacterales	Roseobacteraceae	Roseivivax	0.0590909090909091	0	0	0.000117906552996716	0	0.00777511961722488
Roseibacterium	Bacteria	Pseudomonadota	Alphaproteobacteria	Rhodobacterales	Roseobacteraceae	Roseibacterium	0.0227272727272727	0	0	1.58816160152717e-05	0	0.00133971291866029
Pleurocapsa	Bacteria	Cyanobacteriota	Cyanophyceae	Pleurocapsales	Hyellaceae	Pleurocapsa	0.0181818181818182	0	0	2.41959933188515e-05	0	0.00273562999013901
Pseudarthrobacter	Bacteria	Actinomycetota	Actinomycetes	Micrococcales	Micrococcaceae	Pseudarthrobacter	0.0136363636363636	0	0	0.000136737884013025	0	0.0217512548800892
Brachybacterium	Bacteria	Actinomycetota	Actinomycetes	Micrococcales	Dermabacteraceae	Brachybacterium	0.00909090909090909	0	0	5.81909568797248e-05	0	0.0107334525939177
Terribacillus	Bacteria	Bacillota	Bacilli	Bacillales	Bacillaceae	Terribacillus	0.0136363636363636	0	0	4.59680343036253e-05	0	0.00916075650118203
Sinomonas	Bacteria	Actinomycetota	Actinomycetes	Micrococcales	Micrococcaceae	Sinomonas	0.00454545454545455	0	0	2.97776207284003e-06	0	0.000655107656024807
Asticcacaulis	Bacteria	Pseudomonadota	Alphaproteobacteria	Caulobacterales	Caulobacteraceae	Asticcacaulis	0.0136363636363636	0	0	9.58196329017209e-05	0	0.0197934595524957
Defluviicoccus	Bacteria	Pseudomonadota	Alphaproteobacteria	Rhodospirillales	Rhodospirillaceae	Defluviicoccus	0.0363636363636364	0	0	3.57199394406653e-05	0	0.0030446549391069
Sulfuriferula	Bacteria	Pseudomonadota	Betaproteobacteria	Nitrosomonadales	Sulfuricellaceae	Sulfuriferula	0.0318181818181818	0	0	2.45770847893307e-05	0	0.00219385719984045
Rhodobacter	Bacteria	Pseudomonadota	Alphaproteobacteria	Rhodobacterales	Paracoccaceae	Rhodobacter	0.0545454545454545	0	0	0.000463303307575074	0	0.0947368421052632
Starkeya	Bacteria	Pseudomonadota	Alphaproteobacteria	Hyphomicrobiales	Xanthobacteraceae	Starkeya	0.0272727272727273	0	0	1.93173519667281e-05	0	0.00258175559380379
Magnetospirillum	Bacteria	Pseudomonadota	Alphaproteobacteria	Rhodospirillales	Rhodospirillaceae	Magnetospirillum	0.0227272727272727	0	0	1.05316770977315e-05	0	0.0014659449706811
Hymenobacter	Bacteria	Bacteroidota	Cytophagia	Cytophagales	Hymenobacteraceae	Hymenobacter	0.0136363636363636	0	0	5.86144353862725e-06	0	0.00084870911343846
Lichenihabitans	Bacteria	Pseudomonadota	Alphaproteobacteria	Hyphomicrobiales	Lichenihabitantaceae	Lichenihabitans	0.0272727272727273	0	0	7.68943433558643e-05	0	0.00856973995271868
Bacillaceae_unclassified	Bacteria	Bacillota	Bacilli	Bacillales	Bacillaceae	Bacillaceae_unclassified	0.00909090909090909	0	0	6.82130074645848e-06	0	0.00132782531720271
Gemmatimonas	Bacteria	Gemmatimonadota	Gemmatimonadetes	Gemmatimonadales	Gemmatimonadaceae	Gemmatimonas	0.0181818181818182	0	0	9.96940761236614e-05	0	0.0163511187607573
Roseobacter	Bacteria	Pseudomonadota	Alphaproteobacteria	Rhodobacterales	Roseobacteraceae	Roseobacter	0.0318181818181818	0	0	2.28518046160884e-05	0	0.00257997936016512
Boseongicola	Bacteria	Pseudomonadota	Alphaproteobacteria	Rhodobacterales	Paracoccaceae	Boseongicola	0.0181818181818182	0	0	1.84813760742786e-05	0	0.00223089793641941
Acidiphilium	Bacteria	Pseudomonadota	Alphaproteobacteria	Rhodospirillales	Acetobacteraceae	Acidiphilium	0.0181818181818182	0	0	4.44974351264035e-05	0	0.00579710144927536
Hyphomicrobiales_unclassified	Bacteria	Pseudomonadota	Alphaproteobacteria	Hyphomicrobiales	Hyphomicrobiales_unclassified	Hyphomicrobiales_unclassified	0.0227272727272727	0	0	0.00118130985873719	0	0.0974358974358974
Phyllobacteriaceae_unclassified	Bacteria	Pseudomonadota	Alphaproteobacteria	Hyphomicrobiales	Phyllobacteriaceae	Phyllobacteriaceae_unclassified	0.0227272727272727	0	0	0.000162772327142353	0	0.0177664974619289
Sphingomonadales_unclassified	Bacteria	Pseudomonadota	Alphaproteobacteria	Sphingomonadales	Sphingomonadales_unclassified	Sphingomonadales_unclassified	0.0272727272727273	0	0	0.000115141251569422	0	0.00665188470066519
Sphingomonadaceae_unclassified	Bacteria	Pseudomonadota	Alphaproteobacteria	Sphingomonadales	Sphingomonadaceae	Sphingomonadaceae_unclassified	0.0454545454545455	0	0	0.000555773736496863	0	0.0202095808383234
Beijerinckia	Bacteria	Pseudomonadota	Alphaproteobacteria	Hyphomicrobiales	Beijerinckiaceae	Beijerinckia	0.0136363636363636	0	0	1.21675792831956e-05	0	0.00159457843332669
Nitrobacteraceae_unclassified	Bacteria	Pseudomonadota	Alphaproteobacteria	Hyphomicrobiales	Nitrobacteraceae	Nitrobacteraceae_unclassified	0.0272727272727273	0	0	0.000102405105348411	0	0.00711743772241993
Pseudomonadota_unclassified	Bacteria	Pseudomonadota	Pseudomonadota_unclassified	Pseudomonadota_unclassified	Pseudomonadota_unclassified	Pseudomonadota_unclassified	0.0272727272727273	0	0	0.000221342632604265	0	0.0108499095840868
Methylovorus	Bacteria	Pseudomonadota	Betaproteobacteria	Nitrosomonadales	Methylophilaceae	Methylovorus	0.0136363636363636	0	0	2.46799162418957e-05	0	0.003470715835141
Candidatus Methylopumilus	Bacteria	Pseudomonadota	Betaproteobacteria	Nitrosomonadales	Methylophilaceae	Candidatus Methylopumilus	0.00454545454545455	0	0	3.15519621376454e-05	0	0.006941431670282
Luteimonas	Bacteria	Pseudomonadota	Gammaproteobacteria	Xanthomonadales	Xanthomonadaceae	Luteimonas	0.0318181818181818	0	0	0.000244394856166238	0	0.0182866229377857
Desulfobulbus	Bacteria	Thermodesulfobacteriota	Desulfobulbia	Desulfobulbales	Desulfobulbaceae	Desulfobulbus	0.0136363636363636	0	0	2.24481431855958e-05	0	0.00289321409784324
Ilumatobacter	Bacteria	Actinomycetota	Acidimicrobiia	Acidimicrobiales	Ilumatobacteraceae	Ilumatobacter	0.00909090909090909	0	0	3.63727054769102e-05	0	0.00643500643500643
Rippkaea	Bacteria	Cyanobacteriota	Cyanophyceae	Chroococcales	Aphanothecaceae	Rippkaea	0.0181818181818182	0	0	7.74800736299587e-05	0	0.0103806228373702
Geitlerinema	Bacteria	Cyanobacteriota	Cyanophyceae	Oscillatoriales	Coleofasciculaceae	Geitlerinema	0.00454545454545455	0	0	2.16278566794031e-05	0	0.00475812846946868
Nostoc	Bacteria	Cyanobacteriota	Cyanophyceae	Nostocales	Nostocaceae	Nostoc	0.0227272727272727	0	0	6.04240568346921e-05	0	0.00534950071326676
Mycoplasmopsis	Bacteria	Mycoplasmatota	Mollicutes	Mycoplasmatales	Mycoplasmataceae	Mycoplasmopsis	0.0136363636363636	0	0	2.09556111537333e-05	0	0.00307850179579271
